S,K,T,r,sigma,option_type,option_price,theo_price,moneyness,log_moneyness
166.0934,183.2644,1.46059,0.041883,0.379661,call,28.0467,27.661164,0.906305,-0.09838
115.8318,115.8862,0.77852,0.01832,0.548865,call,21.4299,22.812392,0.99953,-0.00047
178.7897,202.0058,1.718549,0.049842,0.239029,put,25.6111,26.140658,0.885072,-0.122086
154.6052,150.6351,0.557857,0.02095,0.112989,put,2.6601,2.748118,1.026356,0.026015
64.1266,59.7028,1.122948,0.014267,0.487828,put,9.5255,10.019918,1.074097,0.07148
196.3434,190.4658,0.449865,0.044907,0.451189,put,18.5396,18.506807,1.030859,0.030392
164.171,123.1751,1.041071,0.055876,0.372746,put,4.4771,5.138127,1.332826,0.287302
167.9096,64.0786,0.389686,0.06979,0.507671,call,103.8928,105.558055,2.620369,0.963315
69.217,65.9573,0.406999,0.064798,0.520042,put,6.4932,6.522663,1.049422,0.048239
117.5579,156.8808,1.263224,0.070007,0.393952,put,35.5589,38.152556,0.749345,-0.288555
105.6197,48.0533,0.601193,0.063205,0.582964,call,64.295,59.771874,2.197969,0.787534
189.0147,88.7209,0.427498,0.059227,0.459856,call,99.5189,102.567764,2.130441,0.756329
146.5798,63.7639,1.86656,0.01071,0.438438,put,1.9124,1.935472,2.29879,0.832383
173.4142,114.9832,0.181706,0.053827,0.280711,put,0.01,0.000922,1.508171,0.410897
116.5121,110.4401,1.173781,0.018434,0.101129,call,10.1914,10.233185,1.05498,0.053522
84.0858,128.719,1.141701,0.014107,0.220471,put,45.7903,42.978527,0.653251,-0.425794
133.1877,87.5382,0.576157,0.020949,0.48196,call,55.0241,48.967966,1.521482,0.419685
59.5726,45.4474,0.960266,0.06763,0.454936,call,20.6138,19.872522,1.310803,0.27064
174.1447,144.4456,0.266702,0.062069,0.265511,put,0.6899,0.653812,1.205607,0.186983
144.7497,103.5321,1.470413,0.076414,0.412791,call,62.9694,57.991643,1.398114,0.335124
163.7132,150.7269,0.521225,0.078528,0.197644,put,2.3718,2.34256,1.086157,0.082646
103.1789,58.4734,0.467432,0.07253,0.231814,put,0.01,0.000208,1.764545,0.567893
195.6047,42.3422,0.698269,0.019305,0.573704,put,0.01,0.00726,4.619621,1.530313
183.9682,82.21,1.814503,0.071487,0.30659,call,112.7552,111.949185,2.237783,0.805486
166.7575,117.613,1.613287,0.068705,0.222494,put,0.8234,0.809043,1.417849,0.349141
79.1958,106.9922,1.899095,0.070976,0.343554,put,22.0616,24.273079,0.740201,-0.300833
120.0082,177.7514,1.338728,0.020618,0.293508,call,3.5412,3.490115,0.675146,-0.392826
56.5706,104.2324,1.359551,0.018175,0.464765,put,44.2668,47.970284,0.542735,-0.611134
73.1434,130.175,1.012059,0.074667,0.581058,call,5.341,5.814303,0.561885,-0.576457
152.4573,140.8977,1.819854,0.022168,0.395869,call,39.9756,39.593677,1.082043,0.078851
161.7143,43.7113,1.070667,0.035804,0.395574,call,112.9857,119.651276,3.699597,1.308224
195.1265,127.5727,0.774614,0.041919,0.282417,call,72.0984,72.124065,1.529532,0.424962
98.8738,98.6213,1.316713,0.018711,0.382315,call,18.4214,18.294719,1.00256,0.002557
105.569,111.6176,1.137665,0.011444,0.259664,put,14.4545,14.323288,0.945809,-0.055715
120.4334,57.0489,0.335638,0.079586,0.100546,call,61.9544,64.888239,2.111057,0.747189
78.4207,173.0795,0.846178,0.071366,0.533048,call,1.6944,1.621118,0.453091,-0.791663
69.4882,200.2087,0.695318,0.073864,0.314722,call,0.01,0.000436,0.347079,-1.058203
121.3557,43.7857,1.708984,0.029919,0.346044,call,81.6084,79.847284,2.771584,1.019419
84.0364,142.2334,0.819801,0.025407,0.14175,call,0.01,0.00013,0.590835,-0.526219
150.4721,169.8535,1.660955,0.039811,0.518555,call,36.049,36.373449,0.885893,-0.121159
115.5728,88.4173,0.94054,0.041732,0.185169,put,0.3346,0.316702,1.307129,0.267833
174.9017,173.8844,1.531651,0.010392,0.305311,put,25.2568,24.087838,1.00585,0.005833
155.0398,147.5004,0.357036,0.064548,0.520133,call,23.4503,24.424381,1.051114,0.049851
96.855,197.9576,1.856835,0.079767,0.328891,call,2.7034,2.779541,0.489271,-0.714838
174.839,206.7708,1.013064,0.047008,0.565576,put,51.0762,53.732908,0.845569,-0.167746
170.7147,47.1988,0.593617,0.037178,0.204657,put,0.01,0.0,3.616925,1.285624
108.1218,115.6394,0.55883,0.037493,0.457616,call,11.7252,12.607821,0.93499,-0.067219
93.2492,132.9879,0.603647,0.016725,0.588999,put,44.6021,44.91241,0.701186,-0.354983
152.3743,64.9463,0.796776,0.028631,0.374807,call,91.7537,88.937881,2.346157,0.852779
70.9629,97.1686,1.463287,0.045149,0.446092,call,8.607,8.959055,0.730307,-0.314291
79.9862,207.9001,1.904246,0.040229,0.296613,put,112.3546,112.865969,0.384734,-0.955203
51.1043,42.7592,1.371171,0.048152,0.475669,put,5.3143,5.373649,1.195167,0.178286
168.0387,116.9263,1.139616,0.069435,0.554437,call,73.979,70.27122,1.437133,0.36265
149.7276,183.2513,0.952336,0.025767,0.451528,put,44.0446,45.43429,0.817062,-0.202041
155.7748,95.0632,1.673569,0.011936,0.567964,call,72.6311,74.782146,1.638644,0.493869
167.1094,121.5657,1.714349,0.012676,0.394326,put,10.4863,10.949919,1.374642,0.318193
118.8374,206.2678,0.656772,0.019392,0.388569,put,80.8109,85.684881,0.576132,-0.551419
135.3112,120.7291,1.911498,0.049934,0.252314,put,7.2941,7.105847,1.120784,0.114028
70.9695,62.2566,0.850719,0.066573,0.454814,call,17.773,17.893949,1.139952,0.130986
67.1795,48.7927,1.620148,0.072076,0.540976,call,29.5893,29.508433,1.376837,0.319789
150.2604,200.7208,1.936958,0.054458,0.423158,call,26.5195,24.930007,0.748604,-0.289545
120.6644,85.1876,1.43695,0.03822,0.21652,put,0.7048,0.660121,1.416455,0.348158
134.7854,125.6909,0.406946,0.020816,0.372055,call,16.5065,17.987912,1.072357,0.069859
164.7498,55.4193,1.21366,0.038099,0.477969,put,0.2728,0.263958,2.972788,1.0895
145.2077,112.0214,0.325677,0.033269,0.569682,call,39.4858,39.045129,1.29625,0.259476
133.0369,198.1179,1.59937,0.070902,0.178298,call,1.6553,1.694649,0.671504,-0.398236
133.8811,125.4102,0.634499,0.04407,0.163749,put,2.3548,2.316669,1.067545,0.065362
95.5925,205.093,1.420908,0.025834,0.306472,call,0.395,0.43331,0.466094,-0.763369
54.6227,84.0021,1.82917,0.030216,0.162806,put,26.9625,25.12433,0.650254,-0.430392
115.5076,125.7727,0.443919,0.019553,0.590214,put,24.2667,23.657309,0.918384,-0.08514
82.1877,186.1202,0.84643,0.074301,0.312152,call,0.0434,0.04579,0.441584,-0.817387
111.2793,116.2029,1.329526,0.013524,0.366805,call,16.971,17.482982,0.957629,-0.043295
178.0105,87.5129,0.897351,0.010899,0.213544,put,0.01,0.001157,2.034106,0.710057
85.0909,185.4308,0.432156,0.022809,0.324563,call,0.01,0.001018,0.458882,-0.778961
58.7454,106.2812,0.155236,0.066761,0.592347,put,45.355,46.477039,0.552736,-0.592875
92.2076,130.223,0.872536,0.046643,0.344344,call,2.9462,3.155952,0.708075,-0.345206
94.0391,206.0096,1.333497,0.053809,0.104412,call,0.01,0.0,0.456479,-0.784213
149.2875,71.7022,1.19057,0.035041,0.221264,put,0.01,0.004333,2.08205,0.733353
133.5548,91.2381,0.396858,0.014807,0.589227,call,45.8919,45.954772,1.463805,0.381039
167.5847,45.2818,0.956318,0.069931,0.594534,call,123.4586,125.374771,3.700926,1.308583
149.647,106.6124,0.801995,0.023433,0.205247,call,46.2278,45.24354,1.403655,0.339079
110.958,74.0312,0.620985,0.012314,0.407632,put,1.3538,1.355157,1.498801,0.404666
172.1031,155.6059,1.485615,0.050089,0.138454,put,1.9442,2.056034,1.106019,0.100767
75.0459,70.8246,0.688339,0.01583,0.388721,call,11.6056,11.997428,1.059602,0.057893
53.4068,154.7182,1.12627,0.016703,0.16296,call,0.01,0.0,0.345188,-1.063667
63.5072,84.7908,1.854125,0.066026,0.509331,call,13.715,13.546722,0.748986,-0.289034
158.3539,100.387,1.124624,0.044413,0.569787,call,71.0305,70.99731,1.577434,0.455799
119.2816,99.3063,1.272344,0.026906,0.186493,call,25.3318,25.06797,1.201148,0.183278
74.1908,161.8478,0.239167,0.034404,0.331356,put,79.748,86.330769,0.458398,-0.780017
125.1567,119.3066,0.438455,0.061047,0.151021,put,1.6436,1.590327,1.049035,0.04787
72.8468,101.4208,0.291807,0.014645,0.26957,call,0.0538,0.05383,0.718263,-0.33092
154.4481,184.9459,1.553145,0.018154,0.132549,put,31.591,28.014146,0.835099,-0.180205
116.9234,137.2316,1.68825,0.053138,0.232273,put,18.8214,19.193626,0.852015,-0.160151
107.1532,76.3512,0.454265,0.052488,0.595112,call,36.713,36.12853,1.403424,0.338915
95.2268,193.0155,0.516616,0.078072,0.122302,call,0.01,0.0,0.493364,-0.706509
144.5424,98.2506,0.714094,0.036218,0.529484,call,54.3342,53.811869,1.471161,0.386052
104.2719,46.6265,1.223047,0.014555,0.138726,put,0.01,0.0,2.236323,0.804833
63.1475,124.082,1.281413,0.047628,0.364498,call,0.9958,1.047959,0.508917,-0.67547
67.7009,61.0695,1.404833,0.054684,0.32606,put,5.3215,4.943059,1.108588,0.103087
194.2846,80.5393,1.819866,0.019772,0.565777,put,4.7102,5.000564,2.412296,0.880579
186.2871,167.0088,0.660576,0.0487,0.199525,call,28.1225,27.534281,1.115433,0.109242
154.9561,62.2278,1.351642,0.023844,0.189841,call,92.4593,94.701819,2.490142,0.91234
89.8805,177.1805,1.163473,0.069131,0.474357,call,3.5905,3.624961,0.507282,-0.678688
195.3765,199.2742,0.681091,0.068461,0.46286,call,29.5939,31.863129,0.98044,-0.019754
166.8126,143.1105,1.824089,0.040074,0.449591,call,58.727,55.03068,1.165622,0.153254
157.5335,160.7611,0.281418,0.077672,0.113064,put,3.5924,3.643097,0.979923,-0.020281
117.4042,161.3097,1.452802,0.078584,0.22998,put,29.4268,31.330857,0.727819,-0.317703
90.8362,208.7774,1.48296,0.019048,0.519948,call,4.2852,4.032076,0.435087,-0.83221
64.4586,98.0615,1.83912,0.03574,0.400429,call,6.1836,6.343749,0.657329,-0.419571
185.3904,67.6856,1.085303,0.052023,0.401097,put,0.0789,0.077473,2.738992,1.00759
118.3664,128.2584,0.711082,0.015939,0.247958,put,15.6085,14.977993,0.922875,-0.080262
80.3545,130.6525,1.672707,0.036786,0.230087,put,44.5465,43.514895,0.615025,-0.486093
95.8935,70.2451,1.56454,0.028282,0.573277,put,9.8747,11.094313,1.365127,0.311247
136.8829,144.2286,1.0506,0.076644,0.463878,call,28.2641,27.314059,0.949069,-0.052273
76.5159,42.4012,1.558929,0.038811,0.163433,put,0.01,0.002163,1.804569,0.590322
178.4921,197.7036,0.608964,0.063387,0.568853,put,37.9367,38.571435,0.902827,-0.102225
163.7779,84.9776,1.220062,0.037069,0.391185,call,83.1795,83.635655,1.927306,0.656123
157.9194,46.7252,1.743849,0.019227,0.266681,call,103.66,112.736259,3.379746,1.217801
114.814,58.4024,0.704171,0.070421,0.29857,put,0.0111,0.010922,1.965911,0.675956
144.0963,80.8423,1.018745,0.010029,0.462702,put,2.2739,2.441149,1.782437,0.577981
137.6147,86.564,1.906985,0.013916,0.288136,put,2.1899,2.221833,1.589744,0.463573
147.477,45.5777,1.616602,0.035507,0.389372,put,0.0807,0.080012,3.235727,1.174254
62.6666,87.4903,1.785374,0.058083,0.45525,put,27.5734,26.16758,0.71627,-0.333699
112.3711,72.8001,0.831969,0.033919,0.197687,put,0.0248,0.026304,1.543557,0.43409
56.2421,104.3656,1.99336,0.014642,0.572121,put,56.8854,53.035418,0.538895,-0.618234
124.0986,105.4785,0.389875,0.032249,0.278086,put,1.6908,1.613912,1.17653,0.162569
99.4792,97.6313,1.085664,0.027149,0.309687,put,10.0261,10.246315,1.018927,0.01875
71.6786,95.7471,1.010619,0.010379,0.449257,call,5.6803,6.014224,0.748625,-0.289517
65.5104,55.2543,1.617021,0.047436,0.404393,put,5.5406,5.972507,1.185617,0.170263
138.1467,44.2848,1.826374,0.018165,0.32006,put,0.0344,0.033809,3.119503,1.137674
75.5889,74.3594,1.489165,0.030125,0.424871,call,16.7103,17.350257,1.016535,0.0164
188.768,168.6304,1.290951,0.054883,0.551414,put,30.1464,28.440317,1.119419,0.112809
137.1592,208.4377,0.912115,0.060758,0.500142,put,67.6219,70.000576,0.658034,-0.418498
102.0305,197.8494,1.069619,0.028442,0.51213,call,3.9351,4.121107,0.515698,-0.662235
138.6373,125.7173,1.067671,0.033044,0.229204,call,23.0327,22.766604,1.102771,0.097826
53.4206,130.4101,0.1387,0.027284,0.309702,put,73.8725,76.496904,0.409635,-0.892488
193.7839,93.4789,1.055787,0.076982,0.37691,call,107.9741,107.927954,2.073023,0.729008
122.3455,171.5697,1.726345,0.023336,0.122095,call,0.2952,0.280876,0.713095,-0.33814
167.4103,170.0086,1.447621,0.022823,0.484896,put,36.8513,36.636542,0.984716,-0.015402
62.4095,183.5263,1.611846,0.041152,0.261732,put,110.0106,109.349211,0.340058,-1.07864
122.9987,192.2358,0.841921,0.023251,0.241298,put,66.5304,65.854801,0.639833,-0.446548
123.606,113.8394,1.105049,0.02097,0.229646,call,16.953,18.521805,1.085793,0.082311
190.674,170.3688,0.163619,0.016712,0.24169,put,1.0485,1.028132,1.119183,0.112599
135.7592,177.0878,0.827696,0.054812,0.269007,put,37.4763,37.17891,0.766621,-0.265763
121.0234,92.4381,1.00139,0.052846,0.402412,call,39.9814,38.272326,1.309237,0.269444
90.0463,197.9712,0.584897,0.055511,0.391783,call,0.0758,0.073243,0.454846,-0.787797
99.7353,56.0381,0.159358,0.064131,0.227856,put,0.01,0.0,1.779779,0.576489
128.1009,209.0258,1.411775,0.032845,0.203212,put,75.669,71.954188,0.612847,-0.48964
115.8367,170.9154,0.926667,0.07429,0.513179,put,53.2119,54.002153,0.677743,-0.388987
53.2418,55.8561,0.889789,0.061324,0.146362,call,3.1382,3.099783,0.953197,-0.047934
173.9438,151.559,0.574975,0.06633,0.356411,put,6.5425,6.646096,1.147697,0.137757
184.4241,45.8105,1.121878,0.060467,0.36028,call,144.8886,141.618704,4.025804,1.392725
71.0374,170.9318,0.932251,0.035092,0.387068,put,92.7762,94.556367,0.415589,-0.878059
133.1054,175.8679,1.00057,0.029812,0.542825,put,59.047,54.552306,0.756849,-0.278592
66.2864,142.4097,1.203656,0.039576,0.411957,put,77.6209,70.507933,0.465462,-0.764724
150.836,185.6663,0.112017,0.016792,0.586817,put,38.5829,36.967141,0.812404,-0.207758
92.1851,56.6402,1.824622,0.04159,0.535677,put,6.521,6.053678,1.627557,0.48708
148.9134,86.9071,0.235066,0.01302,0.20737,call,57.4787,62.271917,1.713479,0.538526
159.0492,110.4102,0.956757,0.010276,0.220592,put,0.4385,0.472853,1.44053,0.365011
165.2971,47.2179,0.494008,0.075205,0.272387,call,117.875,119.801317,3.500734,1.252973
66.1611,116.1967,1.095187,0.058254,0.295757,put,43.5301,43.440509,0.569389,-0.563191
187.4018,85.0863,0.632437,0.049329,0.376498,call,103.9228,104.963125,2.202491,0.789589
84.5321,106.765,1.734012,0.033877,0.216256,put,18.7714,20.451438,0.791759,-0.233498
55.6119,112.2674,0.853084,0.049938,0.211173,call,0.01,0.001389,0.495352,-0.702487
133.2279,189.5,1.313636,0.07241,0.290695,put,50.2907,45.399654,0.703049,-0.352328
105.6383,85.958,0.572871,0.055667,0.436012,call,28.3147,26.609708,1.228954,0.206163
174.4685,191.9363,0.136872,0.052174,0.444063,call,5.8808,5.577567,0.908991,-0.09542
171.2377,112.4151,0.867894,0.042214,0.588058,call,71.9135,71.109441,1.523263,0.420855
97.5708,95.7273,1.119324,0.034199,0.201208,call,10.5821,11.048238,1.019258,0.019075
192.9349,125.427,0.97314,0.058898,0.29643,put,0.8685,0.865333,1.538224,0.430629
93.6377,111.0164,1.927827,0.078669,0.582339,call,31.8401,28.80635,0.843458,-0.170245
127.2586,83.7533,1.442994,0.039733,0.445004,put,5.2739,5.368573,1.519446,0.418346
88.3948,125.4555,1.991773,0.037454,0.396139,call,10.8689,11.122156,0.704591,-0.350138
190.4065,65.8063,0.660614,0.039968,0.369823,put,0.01,0.001173,2.89344,1.062446
74.6912,99.8281,1.599201,0.039788,0.137755,put,20.798,19.64454,0.748198,-0.290088
56.7366,136.1843,1.155561,0.079344,0.546687,call,1.941,2.027417,0.416616,-0.87559
115.2646,110.2794,1.262345,0.059474,0.412753,put,13.9252,14.109851,1.045205,0.044213
198.8563,180.0651,1.973121,0.035143,0.385834,call,55.0205,56.43703,1.104358,0.099264
183.7516,83.6427,1.342576,0.036005,0.36975,put,0.4958,0.494067,2.196863,0.787031
162.2912,204.8612,1.807752,0.040156,0.295957,call,16.7788,15.900812,0.792201,-0.23294
183.6189,173.4027,1.478925,0.01257,0.227332,call,25.7964,26.877347,1.058916,0.057245
184.017,204.4908,0.342034,0.046947,0.477661,call,14.6251,13.868908,0.899879,-0.105495
127.8288,182.4832,1.428905,0.066797,0.354784,put,48.3401,48.095571,0.700496,-0.355967
97.3894,64.1577,1.0202,0.05624,0.11697,put,0.01,6e-05,1.517969,0.417373
165.8019,129.4982,1.845716,0.023889,0.299547,put,8.1493,8.021318,1.280341,0.247126
149.2492,68.8963,1.632985,0.060962,0.564302,put,3.6419,3.659676,2.166286,0.773014
106.0487,179.0986,0.297856,0.060362,0.286947,call,0.01,0.003515,0.592124,-0.524039
64.17,139.3076,0.35444,0.028378,0.306617,put,72.5002,73.743456,0.460635,-0.775148
162.0184,84.7864,0.232261,0.053601,0.411981,put,0.01,0.002672,1.910902,0.647575
89.3691,198.0318,1.037165,0.052766,0.500837,put,99.015,100.220377,0.451286,-0.795653
190.522,59.5816,0.253466,0.068785,0.434231,call,130.2788,131.970129,3.197663,1.16242
86.1456,135.8566,1.474989,0.019525,0.525027,put,51.3567,55.800043,0.634092,-0.455561
68.4137,162.5769,1.149481,0.023639,0.156985,put,89.4771,89.805105,0.420808,-0.865578
174.6669,50.0043,1.688182,0.044018,0.562296,put,0.772,0.862138,3.493041,1.250773
72.9926,141.6355,0.631612,0.01309,0.551961,put,67.5828,68.778601,0.515356,-0.662898
76.8902,178.7032,1.086367,0.039092,0.359574,call,0.2507,0.247575,0.430268,-0.843347
139.9074,51.4796,0.323211,0.065175,0.412371,put,0.01,2.7e-05,2.717723,0.999794
181.1843,127.0813,1.780759,0.02041,0.206407,call,58.8353,60.070141,1.425735,0.354688
79.4652,83.9547,0.432509,0.042196,0.323974,call,5.46,5.483477,0.946525,-0.054958
96.5486,152.6972,0.294488,0.079284,0.201352,call,0.01,0.000101,0.632288,-0.458411
166.6107,60.1752,0.489596,0.045414,0.110988,call,107.8171,107.758786,2.768763,1.018401
195.774,199.2987,1.63184,0.044883,0.590452,call,61.5897,61.411286,0.982314,-0.017844
125.1112,192.1039,0.301048,0.049116,0.229573,put,61.2865,64.175693,0.651268,-0.428833
71.5846,71.6157,1.267412,0.02302,0.396554,put,11.6302,11.476491,0.999567,-0.000433
52.0904,94.9552,1.517744,0.020301,0.250125,call,0.2705,0.26693,0.548579,-0.600424
84.4484,139.8979,1.527054,0.057415,0.285311,call,2.0908,2.10837,0.603643,-0.504772
69.7733,162.0706,0.461116,0.037704,0.298881,call,0.01,0.000113,0.430512,-0.84278
151.6488,115.2515,0.217086,0.030293,0.267523,put,0.068,0.068524,1.315807,0.27445
68.2749,66.5695,0.952732,0.012197,0.4187,put,9.5257,9.660729,1.025618,0.025295
125.9495,57.7058,0.484722,0.069224,0.580468,put,0.2664,0.272356,2.182616,0.780524
154.1394,209.9601,1.428615,0.012263,0.314317,put,57.5507,60.487717,0.734136,-0.30906
137.1675,117.4099,0.777716,0.062499,0.586663,put,15.1542,14.65135,1.168279,0.155532
79.9663,188.3304,0.953772,0.036739,0.433899,put,98.8674,102.380679,0.424607,-0.856592
170.6187,122.0039,0.315621,0.051908,0.403568,call,49.977,51.438024,1.398469,0.335378
157.3111,196.8008,1.178346,0.027337,0.218552,call,4.7152,4.845917,0.799342,-0.223967
160.8476,54.9191,0.452496,0.020878,0.13146,call,101.2023,106.444894,2.92881,1.074596
69.6587,59.3833,1.390073,0.047337,0.525967,call,21.2024,23.237883,1.173035,0.159595
68.5631,198.0375,0.235221,0.058693,0.386991,put,123.8248,126.759109,0.346213,-1.060702
189.1344,201.0738,1.9542,0.023685,0.307207,put,35.3182,33.840118,0.940622,-0.061214
109.6367,93.502,1.400601,0.040545,0.505984,call,35.744,35.39526,1.172561,0.15919
95.1423,100.378,0.445286,0.041126,0.25529,call,5.3984,5.006904,0.94784,-0.05357
123.2876,116.9165,0.12678,0.025119,0.491809,call,12.6219,12.164756,1.054492,0.05306
149.4296,110.7475,0.735479,0.049553,0.263982,call,44.6506,43.510415,1.349282,0.299573
193.3435,72.3077,0.390345,0.020215,0.560441,call,133.0825,121.632,2.6739,0.983538
92.9669,192.7238,0.514982,0.045682,0.233983,call,0.01,6.4e-05,0.482384,-0.729014
188.7213,83.0623,1.758225,0.01794,0.168777,call,108.58,108.238561,2.272045,0.82068
53.7289,159.8963,1.246089,0.043988,0.449048,call,0.3127,0.312889,0.336024,-1.090574
133.2797,51.4165,0.43527,0.031812,0.181424,put,0.01,0.0,2.59216,0.952492
145.0963,46.5877,1.157653,0.041657,0.574682,put,0.508,0.507938,3.114474,1.13606
65.8846,151.1342,0.585983,0.040362,0.427778,put,79.1372,81.788614,0.435935,-0.830263
71.0509,97.6327,1.954782,0.073555,0.21543,call,4.177,4.057447,0.727737,-0.317815
112.8671,151.4281,0.162239,0.044295,0.204409,call,0.01,0.000672,0.745351,-0.293899
194.9348,55.9836,1.491405,0.067295,0.561938,put,0.6246,0.608151,3.481998,1.247606
139.4064,201.4747,1.568694,0.025796,0.403929,put,68.1883,66.805748,0.69193,-0.368271
189.9535,167.2475,0.227609,0.034646,0.546868,call,32.5742,32.885771,1.135763,0.127305
170.6541,188.9654,0.426552,0.015256,0.155113,put,19.301,18.76975,0.903097,-0.101925
120.1072,63.2,0.830183,0.039452,0.562696,call,56.3066,60.832689,1.900431,0.642081
167.7145,94.4274,1.749494,0.056809,0.360025,put,1.9987,1.982506,1.776122,0.574432
52.6755,102.6185,1.1203,0.068672,0.434211,put,42.8345,43.849345,0.513314,-0.666868
66.3716,131.3194,1.345083,0.049614,0.286438,put,64.9764,56.840383,0.505421,-0.682363
174.4143,90.4676,1.587724,0.054805,0.12957,put,0.01,1e-05,1.927919,0.656441
169.5226,50.3072,1.673433,0.022409,0.578986,put,1.2229,1.260796,3.369746,1.214837
84.8961,102.7093,1.004941,0.012604,0.597299,put,28.9684,31.113258,0.826567,-0.190475
129.6154,83.2734,1.066707,0.065418,0.282273,put,0.492,0.461225,1.556505,0.442443
140.9024,105.6066,1.464211,0.021693,0.571934,put,16.6099,16.905956,1.334219,0.288346
180.1608,73.4831,0.60035,0.016382,0.183863,call,103.147,107.396875,2.451731,0.896794
140.4661,84.5224,1.72353,0.075629,0.177342,put,0.0224,0.021849,1.66188,0.50795
111.8857,146.5819,0.139495,0.077446,0.136556,put,34.1974,33.121104,0.763298,-0.270106
106.1276,105.9862,0.471966,0.053138,0.295635,put,7.3877,7.160447,1.001335,0.001334
113.8823,98.7152,1.62038,0.036505,0.126151,call,21.6782,21.656755,1.153645,0.142927
147.7897,130.764,0.746491,0.068327,0.297329,call,28.9208,28.692304,1.130202,0.122396
180.1236,171.2163,0.384682,0.02433,0.169195,call,13.8941,13.734685,1.052024,0.050716
118.0845,104.4076,0.454834,0.040057,0.465264,call,23.2751,22.889892,1.130996,0.123099
87.1759,139.8783,1.108437,0.034991,0.516681,put,55.4903,54.335774,0.623227,-0.472845
85.4994,204.2544,1.707745,0.073889,0.443908,call,3.4762,3.295322,0.418592,-0.870858
161.9021,128.7366,0.234236,0.074384,0.200247,put,0.0242,0.024138,1.257623,0.229223
172.4853,194.6656,0.157914,0.055562,0.483424,call,5.8039,6.051476,0.88606,-0.120971
65.7917,174.9243,0.983819,0.017752,0.22475,put,105.3386,106.104218,0.376115,-0.97786
59.9838,49.9822,1.916756,0.043753,0.479744,put,8.112,7.817014,1.200104,0.182409
139.165,112.9468,0.630119,0.027173,0.383699,call,30.1797,33.140993,1.232129,0.208744
71.926,158.7141,1.922424,0.071944,0.283356,call,0.7035,0.773269,0.453179,-0.791467
173.6996,207.741,1.786594,0.019688,0.141746,call,4.765,4.55539,0.836135,-0.178965
96.5502,117.924,0.637957,0.013802,0.513755,put,31.5659,29.335504,0.81875,-0.199977
71.5808,55.7735,1.652201,0.05931,0.569826,put,8.214,8.769424,1.283419,0.249527
188.1456,135.5416,1.403148,0.04173,0.432959,put,10.2239,10.172768,1.388102,0.327938
74.8298,61.5158,1.072463,0.068686,0.582271,put,8.1103,8.275809,1.216431,0.195921
92.708,167.7583,0.903541,0.015224,0.567056,put,76.4502,77.460555,0.552628,-0.59307
73.042,126.3051,1.649455,0.066075,0.197304,put,41.2296,40.609096,0.578298,-0.547666
67.3235,162.9833,1.606851,0.012613,0.465606,call,1.765,1.887645,0.41307,-0.884138
53.1722,187.7915,1.538179,0.011965,0.274652,put,123.9322,131.195833,0.283145,-1.261797
58.3093,146.9212,1.996686,0.042292,0.343759,call,0.7077,0.718632,0.396875,-0.924134
76.1962,144.1147,1.009174,0.02549,0.178483,call,0.01,0.001535,0.528719,-0.637298
58.0073,168.277,1.633154,0.05156,0.58739,call,2.8685,3.040238,0.344713,-1.065042
138.6716,183.2174,1.738709,0.011807,0.463069,put,64.2421,61.801585,0.756869,-0.278565
152.1072,187.7391,0.502045,0.012477,0.233454,put,35.1621,35.912101,0.810205,-0.210468
109.0446,46.1931,0.179926,0.0609,0.285736,put,0.01,0.0,2.360623,0.858926
97.6987,134.5524,0.869022,0.024712,0.311241,call,2.6124,2.575892,0.726102,-0.320065
125.6789,76.7658,1.7278,0.055949,0.473767,put,5.1745,5.208175,1.637174,0.492972
181.2507,186.2588,0.649296,0.062495,0.562849,put,32.4183,31.114993,0.973112,-0.027256
177.6697,150.2276,1.430019,0.014153,0.26072,call,37.0458,38.859943,1.18267,0.167775
56.5213,111.4378,0.113961,0.063883,0.33625,call,0.01,0.0,0.5072,-0.67885
77.2248,71.9777,0.775192,0.028789,0.396604,call,13.7848,14.001882,1.072898,0.070364
85.5117,97.634,1.269482,0.037268,0.296672,put,16.0888,16.040468,0.87584,-0.132572
87.4081,159.6422,0.346539,0.016065,0.352091,call,0.0126,0.014136,0.547525,-0.602347
135.6849,74.7411,1.803553,0.068704,0.152854,put,0.01,0.001093,1.815398,0.596305
112.4394,55.9091,0.396921,0.049251,0.183837,put,0.01,0.0,2.01111,0.698687
57.3881,190.9649,1.828608,0.045327,0.300551,call,0.0338,0.035568,0.300517,-1.202252
106.0421,169.9158,0.51114,0.077799,0.55747,call,3.4051,3.672494,0.624086,-0.471466
128.5629,73.9651,1.989129,0.033415,0.274679,put,0.8815,0.84043,1.738156,0.552825
65.2508,89.693,1.249023,0.072355,0.224896,put,17.9228,18.50778,0.727491,-0.318154
175.0188,205.2519,0.260255,0.060378,0.471431,put,36.66,34.66642,0.852702,-0.159345
57.7943,160.3914,0.224027,0.074997,0.574565,call,0.01,0.000691,0.360333,-1.020727
188.7263,143.7887,0.242351,0.073546,0.329562,call,48.574,47.868333,1.312525,0.271953
64.867,92.2968,1.220796,0.079372,0.104302,put,18.745,18.945425,0.702808,-0.352671
176.5362,90.8513,1.6382,0.019217,0.444075,put,3.1904,3.680296,1.943134,0.664302
185.398,46.719,0.865629,0.065721,0.30753,call,133.2328,141.26262,3.968362,1.378353
196.9356,163.8419,0.945188,0.066315,0.436823,call,55.4081,55.758639,1.201985,0.183975
170.3039,47.3398,1.219647,0.055106,0.238858,put,0.01,1e-06,3.597479,1.280233
166.9216,40.8257,1.112777,0.02952,0.101204,call,116.0127,127.4152,4.088636,1.408211
146.3725,164.0142,1.407317,0.07756,0.272248,call,18.4331,18.482698,0.892438,-0.113798
166.8495,201.3085,0.996393,0.02431,0.452396,put,46.568,49.337006,0.828825,-0.187747
70.1828,168.6055,1.456335,0.04497,0.296557,call,0.1522,0.150347,0.416255,-0.876458
130.4102,120.1788,1.99489,0.046504,0.209587,call,26.8884,26.914479,1.085135,0.081704
127.1334,122.6277,0.765566,0.021328,0.332003,call,18.4448,17.783362,1.036743,0.036084
178.6358,114.1432,0.123209,0.060577,0.476174,call,68.8517,65.364585,1.565015,0.447895
119.4199,95.1894,0.338688,0.016221,0.159717,call,25.3406,24.771853,1.25455,0.226777
107.7634,128.6914,1.151677,0.058517,0.445876,call,16.5308,15.848573,0.837378,-0.177479
145.9345,113.2957,0.75409,0.069403,0.433672,put,5.4049,5.5014,1.288085,0.253157
89.9695,141.6885,1.885967,0.034458,0.285369,call,4.0782,3.572465,0.634981,-0.454161
70.9653,192.6804,1.292148,0.059659,0.585168,put,103.4304,110.143212,0.368306,-0.998842
121.6816,209.1516,1.088675,0.020974,0.547353,put,89.0222,91.435285,0.581787,-0.541652
112.5334,53.3864,1.616275,0.069216,0.258081,put,0.0353,0.033319,2.107906,0.745695
84.8855,105.3962,0.591321,0.076642,0.115546,call,0.0884,0.084863,0.805394,-0.216423
105.1268,70.7201,1.657503,0.020689,0.254152,call,38.925,37.998718,1.48652,0.396438
104.9589,99.8605,0.105816,0.05843,0.202361,call,6.6702,6.452003,1.051055,0.049795
99.1243,88.8704,1.277387,0.045408,0.373626,call,21.5826,24.093651,1.115381,0.109196
106.9196,69.6713,1.876039,0.047205,0.559372,put,9.7775,9.056991,1.534629,0.428289
152.8615,169.8929,1.596934,0.059454,0.535169,call,39.4639,39.870444,0.899752,-0.105636
94.5315,124.3691,1.721905,0.044212,0.252915,call,6.1901,5.826548,0.760088,-0.274321
192.3287,196.2717,0.854214,0.052023,0.314299,put,17.7199,19.72664,0.97991,-0.020294
187.4522,45.5407,1.666054,0.026163,0.118271,call,145.6995,143.853924,4.116145,1.414917
122.1366,51.3863,1.14658,0.036495,0.372082,call,70.9186,72.974935,2.376833,0.865769
99.2542,108.5565,1.275226,0.070567,0.131684,put,6.0297,5.861719,0.914309,-0.089587
130.3152,53.6471,0.211939,0.017693,0.569303,call,78.0896,76.870744,2.429118,0.887528
177.2841,84.664,0.482948,0.05183,0.533467,put,0.3245,0.318514,2.093972,0.739063
147.8881,207.6251,1.146832,0.0229,0.207094,put,52.7699,55.720676,0.712284,-0.339278
170.6588,75.5231,0.211722,0.069258,0.449684,put,0.01,0.000158,2.259689,0.815227
129.9083,73.68,1.508749,0.050533,0.38401,put,1.713,1.728619,1.763142,0.567098
144.9376,137.5189,1.696108,0.038213,0.500679,put,28.1964,27.514763,1.053947,0.052542
93.2233,124.6597,1.848688,0.027488,0.337826,call,9.5509,9.100244,0.747823,-0.29059
160.234,138.6745,0.29336,0.040579,0.195886,put,0.4918,0.488023,1.155468,0.144506
80.3607,104.045,1.885468,0.077033,0.419922,call,13.9243,14.874055,0.772365,-0.258298
154.2197,180.5496,0.228478,0.045645,0.14014,call,0.0551,0.054713,0.854168,-0.157627
179.1079,63.5587,1.000707,0.042864,0.392294,put,0.0424,0.036337,2.817992,1.036024
69.8154,112.8267,1.696477,0.062239,0.206352,put,35.2219,32.542765,0.618784,-0.479998
142.157,157.2595,0.233591,0.036533,0.442468,call,5.9317,6.969775,0.903964,-0.100966
64.2644,187.6002,0.134639,0.03992,0.514022,call,0.01,0.0,0.34256,-1.071308
158.8573,102.8272,0.147401,0.033586,0.154762,call,59.1734,56.537974,1.544897,0.434957
62.674,136.5168,1.071413,0.020564,0.300134,put,70.2899,70.936652,0.459094,-0.778501
190.391,51.7538,1.642034,0.059967,0.466761,call,140.3612,143.666435,3.678783,1.302582
70.6112,68.9542,0.342111,0.071112,0.181852,call,4.8099,4.875093,1.02403,0.023745
193.832,51.7535,0.336759,0.073391,0.383262,call,147.2998,143.341974,3.745294,1.3205
170.1326,163.7398,1.180239,0.071656,0.435919,put,19.9376,21.152795,1.039043,0.0383
139.0523,88.9702,0.545162,0.041625,0.277397,call,55.2635,52.162612,1.562909,0.446549
167.3936,163.0367,1.487406,0.029885,0.515991,put,34.3534,34.449837,1.026724,0.026373
169.2672,51.2877,1.904307,0.054655,0.355329,call,117.3466,123.102297,3.300347,1.194028
191.9041,186.6331,1.555463,0.076829,0.413497,call,53.8248,50.959419,1.028242,0.027851
88.0075,182.0401,1.766633,0.060894,0.170436,call,0.0229,0.025665,0.483451,-0.726805
138.5114,55.1179,1.087214,0.044639,0.11158,put,0.01,0.0,2.513002,0.921478
64.2574,44.0386,1.681407,0.058217,0.125374,call,23.6336,24.329328,1.459115,0.37783
142.4249,49.5691,0.447516,0.064078,0.55196,put,0.017,0.014409,2.873259,1.055447
75.6937,185.1171,0.229861,0.074349,0.541321,put,102.6486,106.289512,0.408896,-0.894294
134.7426,79.8996,1.346311,0.063425,0.503796,call,58.6599,65.744883,1.686399,0.522595
135.8646,133.2065,0.19871,0.040323,0.199806,call,6.6503,6.849892,1.019955,0.019758
119.8978,112.4615,1.795715,0.029152,0.362729,put,16.1397,15.780074,1.066123,0.064028
128.3948,175.2393,1.413953,0.044992,0.498059,call,19.6446,18.903148,0.732682,-0.311043
164.5885,123.1127,1.909181,0.032972,0.437335,put,15.6693,14.066967,1.336893,0.290348
169.8867,125.1123,0.696385,0.075994,0.157761,call,54.8467,51.241435,1.357873,0.30592
123.823,208.1456,1.023701,0.045558,0.547771,call,9.3783,9.290945,0.594886,-0.519385
139.939,65.522,1.509212,0.043044,0.180341,call,75.0377,78.538642,2.135755,0.75882
189.6854,181.2197,0.56128,0.034374,0.185898,call,18.6527,17.251109,1.046715,0.045657
67.96,48.7975,1.129513,0.054758,0.550504,call,26.3725,26.867856,1.392696,0.331242
67.5655,121.2003,1.352988,0.046404,0.342308,put,46.2215,47.794632,0.55747,-0.584346
63.1564,190.6769,1.959736,0.019033,0.286446,call,0.0496,0.050856,0.331222,-1.104967
148.6795,153.0864,1.514936,0.070845,0.376828,put,19.7033,21.020074,0.971213,-0.029209
112.7912,156.4865,0.324449,0.035131,0.590699,put,44.9663,46.0369,0.720773,-0.327431
166.1482,84.7639,1.003134,0.04028,0.159815,call,83.7532,84.741048,1.960129,0.67301
150.6847,111.1577,1.218664,0.024397,0.478474,put,10.9591,10.572491,1.355594,0.30424
100.0457,102.3188,0.378584,0.048738,0.267163,put,6.6384,6.769944,0.977784,-0.022467
184.755,128.6453,0.920736,0.059144,0.158525,call,58.9592,62.949124,1.436158,0.361971
164.3798,118.5787,0.639611,0.071682,0.310967,put,0.9138,0.994389,1.38625,0.326602
90.5802,95.5727,0.325772,0.013613,0.374376,put,10.503,10.393985,0.947763,-0.053651
104.6288,91.9317,1.07288,0.078133,0.202981,put,1.6041,1.598212,1.138114,0.129373
97.166,82.645,0.414703,0.059267,0.302635,put,1.5118,1.555216,1.175703,0.161867
73.6417,102.058,1.222021,0.029901,0.417838,call,6.1037,6.250013,0.721567,-0.32633
72.1675,65.4901,0.422424,0.024313,0.388224,call,11.3761,11.159133,1.101961,0.097092
190.4191,188.2577,1.47483,0.030726,0.46158,call,49.5496,46.327837,1.011481,0.011416
115.6856,142.3603,0.470959,0.071301,0.518202,put,29.7245,30.931451,0.812625,-0.207485
107.498,62.7437,1.802942,0.030397,0.30457,call,49.374,49.155434,1.713287,0.538414
159.4529,157.9561,0.149798,0.042397,0.311484,put,6.7289,6.420804,1.009476,0.009431
132.949,184.1033,1.091795,0.059402,0.348346,call,7.2963,7.591236,0.722143,-0.325532
190.421,80.3811,0.708199,0.071039,0.383177,call,113.9212,114.010269,2.368978,0.862459
167.0452,65.6021,0.527645,0.0561,0.154161,put,0.01,0.0,2.54634,0.934657
121.9054,41.4649,0.996045,0.062718,0.256318,call,77.5122,82.951565,2.939965,1.078398
106.4539,48.0326,1.699837,0.022133,0.185946,call,60.7034,60.19615,2.216287,0.795833
197.9947,169.5827,1.839027,0.071419,0.292926,put,9.3139,9.29918,1.167541,0.1549
157.664,207.8217,0.676172,0.0293,0.586677,call,16.4791,16.033821,0.758651,-0.276214
192.6792,47.6297,0.393063,0.018986,0.391365,call,136.7742,145.403675,4.045362,1.397571
67.7718,167.1721,1.468267,0.078337,0.314691,put,81.5456,81.504916,0.405401,-0.902878
177.5801,52.2166,1.205798,0.024115,0.382968,put,0.0179,0.016068,3.400837,1.224022
145.5611,140.6626,0.481931,0.019566,0.434538,call,22.4816,20.365166,1.034824,0.034232
68.2883,168.5328,1.544562,0.053821,0.317477,call,0.2923,0.274069,0.405193,-0.903393
138.2387,101.0647,1.085968,0.03232,0.323855,call,41.1301,43.70275,1.367823,0.313221
152.9145,41.8589,1.341451,0.019334,0.450701,call,114.7307,112.20004,3.653093,1.295574
51.8454,141.1822,0.782744,0.052078,0.130431,call,0.01,0.0,0.367223,-1.001785
118.1477,208.5116,0.934285,0.063129,0.37004,put,81.4383,80.298297,0.566624,-0.568059
173.8099,83.795,0.44265,0.065524,0.373664,put,0.01,0.009351,2.074229,0.729589
94.3039,72.2135,1.53738,0.020886,0.478376,put,8.463,9.256911,1.305903,0.266895
118.7822,61.0674,0.398322,0.048981,0.591322,call,58.2788,59.300479,1.9451,0.665313
116.3471,134.3935,1.578775,0.066957,0.497877,call,27.8739,26.9016,0.86572,-0.144194
95.2891,141.3957,1.616215,0.021276,0.351894,call,6.0759,5.989541,0.673918,-0.394647
187.7663,174.686,1.518542,0.024538,0.184727,put,8.3841,8.218292,1.074879,0.072208
167.1941,168.0225,0.136903,0.010169,0.39413,call,9.5435,9.441227,0.99507,-0.004942
66.5883,191.7321,0.618953,0.046724,0.517149,call,0.0836,0.081745,0.347299,-1.057571
199.5552,176.9814,0.989842,0.023628,0.566207,put,30.0404,29.265277,1.127549,0.120046
181.88,82.0354,1.231534,0.060697,0.512655,put,1.7504,1.774868,2.217092,0.796196
92.5863,134.4992,1.846522,0.077355,0.194484,call,2.8962,2.88422,0.688378,-0.373417
175.5345,90.56,0.813651,0.024613,0.456288,call,95.4507,87.797134,1.938322,0.661823
65.9629,96.0635,1.762544,0.055437,0.540077,call,12.4575,12.369592,0.68666,-0.375917
199.8657,198.4305,0.410516,0.024828,0.440508,put,20.5985,20.554752,1.007233,0.007207
149.8527,155.9223,0.805433,0.01126,0.442876,call,21.8241,21.712389,0.961073,-0.039705
147.5188,205.6804,0.199336,0.063099,0.350081,put,55.1852,55.793221,0.717223,-0.332368
63.5661,110.8751,1.51073,0.04038,0.418488,put,43.4465,44.413534,0.573313,-0.556324
184.555,131.3644,0.38624,0.076275,0.24719,call,57.6628,57.067283,1.404909,0.339973
54.3499,122.8096,0.588338,0.0474,0.144405,put,63.4363,65.082189,0.442554,-0.815192
86.1242,58.2388,1.572943,0.021024,0.513857,call,36.1986,36.463953,1.478812,0.391239
71.4533,80.2393,1.115962,0.041484,0.571572,put,19.4559,20.256929,0.890502,-0.11597
166.5152,129.6982,0.126548,0.024202,0.528411,put,1.1415,1.135316,1.283867,0.249876
79.7306,51.4536,0.104247,0.071462,0.266957,put,0.01,0.0,1.549563,0.437973
186.5957,198.3485,1.070255,0.058363,0.146765,call,11.2922,11.413287,0.940747,-0.061081
148.4404,61.0534,0.679415,0.033887,0.240069,put,0.01,8e-06,2.431319,0.888434
55.4244,73.6567,0.442592,0.046947,0.521418,put,20.0976,19.521045,0.752469,-0.284395
50.8145,170.1046,1.265828,0.056864,0.427907,put,108.2523,107.605605,0.298725,-1.208232
57.7487,56.4789,0.534029,0.0648,0.583347,put,7.5693,7.965397,1.022483,0.022234
140.8888,193.0473,1.225194,0.01561,0.271341,call,4.3376,4.175752,0.729815,-0.314964
170.2223,163.3692,0.820605,0.011576,0.375736,put,17.1887,18.481663,1.041949,0.041093
85.7829,51.6655,0.454818,0.018012,0.495019,put,0.6122,0.581335,1.660351,0.507029
177.4113,157.614,0.362399,0.03765,0.216996,call,23.6355,23.703495,1.125606,0.118322
58.5848,147.3769,0.550035,0.042669,0.582045,put,75.9213,85.637433,0.397517,-0.922518
170.1446,168.7494,0.156681,0.019552,0.396199,call,11.6606,11.557506,1.008268,0.008234
189.1693,180.7936,0.685441,0.038781,0.103949,put,1.7367,1.772951,1.046327,0.045286
165.8163,162.1196,1.813714,0.040914,0.112577,call,18.5491,19.080606,1.022802,0.022546
154.7181,139.65,1.679588,0.017636,0.541108,put,29.7522,30.892099,1.107899,0.102466
175.697,94.8188,0.806807,0.074166,0.422641,put,0.6954,0.699933,1.852977,0.616794
56.0227,158.5365,1.194084,0.05194,0.481536,put,91.2853,93.555146,0.353374,-1.040228
80.2673,202.6852,1.177985,0.037197,0.492008,call,1.2065,1.330945,0.39602,-0.926291
68.7386,139.8787,1.674601,0.045484,0.31023,put,65.722,61.791271,0.491415,-0.710465
125.6796,152.9386,0.548951,0.031994,0.499306,call,10.1091,10.234265,0.821765,-0.196301
161.7782,114.3118,0.663136,0.069803,0.568766,call,57.1293,59.299878,1.415237,0.347297
144.5018,168.5405,0.673392,0.050251,0.186086,put,20.109,21.312063,0.857371,-0.153884
177.6697,209.6035,0.177653,0.044643,0.482068,put,36.5288,35.17297,0.847647,-0.165291
73.2819,67.2662,0.697907,0.073762,0.253896,put,2.1135,2.26096,1.089432,0.085657
160.1932,74.4089,1.768036,0.068659,0.260747,call,94.9804,94.348239,2.152876,0.766805
78.9562,131.7044,1.832777,0.066896,0.306377,call,3.5676,3.675161,0.599496,-0.511667
90.6138,121.8338,0.308307,0.025793,0.53186,call,2.608,2.678611,0.743749,-0.296051
156.4857,137.1669,0.970311,0.020719,0.111028,put,0.5623,0.595768,1.140842,0.131766
197.0307,48.3426,0.824563,0.058307,0.316963,call,146.2749,150.95734,4.075717,1.405047
141.7315,108.727,1.029782,0.042805,0.440024,put,7.7417,7.738291,1.303554,0.265095
58.175,139.1063,1.153967,0.05786,0.155208,put,72.7932,71.946635,0.418206,-0.871782
142.4463,139.4825,0.138492,0.063244,0.496127,put,8.0381,8.36713,1.021249,0.021026
56.3526,151.7468,1.70026,0.030672,0.570951,put,90.436,90.849139,0.371359,-0.990585
182.6219,162.4367,1.949962,0.029926,0.145467,call,34.4933,33.025807,1.124265,0.117129
156.4367,149.063,1.341469,0.044358,0.176474,call,19.9049,21.710511,1.049467,0.048283
75.9692,174.3413,1.354859,0.029148,0.587049,put,96.1246,96.154745,0.43575,-0.830687
63.7582,146.2093,1.103162,0.056711,0.198928,put,70.0863,73.584964,0.436075,-0.829942
77.53,131.3763,0.735119,0.062271,0.13947,call,0.01,7.4e-05,0.590137,-0.527401
197.0041,143.0534,0.383058,0.043043,0.576096,call,62.5408,61.735022,1.377137,0.320006
118.7841,57.2029,1.20972,0.060666,0.546311,put,1.8879,1.941041,2.076541,0.730703
167.6121,86.4366,0.185389,0.045731,0.427863,put,0.01,0.000728,1.939134,0.662241
145.4613,129.658,1.666555,0.059901,0.375715,call,44.3673,41.611378,1.121884,0.11501
135.862,188.4078,0.899732,0.025748,0.559616,call,15.2032,14.534074,0.721106,-0.326969
71.7695,155.4388,0.888033,0.061719,0.42776,call,0.5506,0.610509,0.461722,-0.772792
191.9037,55.3694,0.721625,0.060059,0.429198,put,0.01,0.001895,3.465881,1.242967
95.2014,140.6867,1.941772,0.028662,0.521843,call,17.148,16.653576,0.676691,-0.390541
136.7026,77.6955,0.432342,0.048918,0.426623,put,0.1861,0.188941,1.759467,0.565011
154.9664,164.7828,0.387485,0.069872,0.351838,call,12.0514,11.209635,0.940428,-0.06142
147.385,180.6649,0.41451,0.027467,0.294861,put,34.7732,33.733324,0.815792,-0.203596
191.0892,140.8876,1.351202,0.061519,0.351567,put,5.9092,5.821862,1.356324,0.304778
72.2658,140.5316,1.984601,0.076778,0.361239,put,49.5589,52.22792,0.514232,-0.665081
126.2529,97.5605,0.547403,0.070637,0.280416,put,0.7929,0.773639,1.294098,0.257814
110.6052,115.8625,1.820673,0.038106,0.324059,put,16.5664,17.6958,0.954624,-0.046437
121.1253,186.8984,0.629371,0.052505,0.500936,call,5.0747,4.763226,0.648081,-0.43374
67.8826,162.9645,1.33101,0.079424,0.308257,call,0.1931,0.188893,0.416549,-0.875752
70.1142,128.3581,0.176948,0.049791,0.11278,call,0.01,0.0,0.546239,-0.604699
91.7113,102.5995,1.041743,0.018052,0.24151,put,15.1772,14.589801,0.893877,-0.112187
95.7057,48.5646,1.343683,0.01318,0.215871,put,0.0162,0.013588,1.97069,0.678384
114.1855,64.3113,1.119008,0.065322,0.496791,put,2.2053,2.229683,1.775513,0.574089
141.6481,72.8143,0.551887,0.039654,0.324647,put,0.0162,0.015484,1.945334,0.665434
145.1944,103.4752,1.674144,0.027277,0.240155,put,1.8771,1.918746,1.40318,0.338741
111.7716,200.5044,1.943259,0.034337,0.505352,call,13.3113,13.254658,0.557452,-0.584378
111.3175,125.8761,0.972473,0.063016,0.109608,call,2.0285,2.194653,0.884342,-0.122912
82.6443,79.9228,1.308247,0.042567,0.187125,put,3.7916,3.791733,1.034051,0.033484
138.2459,57.9775,1.601785,0.070795,0.513477,call,88.1856,87.99383,2.384475,0.868979
97.5561,97.5119,0.558829,0.061445,0.375326,call,13.5679,12.447376,1.000453,0.000453
55.409,178.6742,1.742456,0.078181,0.486825,put,92.6765,101.815371,0.310112,-1.170822
112.76,105.1683,0.632382,0.072195,0.519088,call,23.9018,24.24236,1.072187,0.0697
121.1199,171.326,1.574079,0.027818,0.570982,put,68.819,64.654245,0.706956,-0.346787
83.8389,176.4598,0.312989,0.056134,0.131712,put,88.4651,89.547708,0.475116,-0.744196
135.8687,58.8395,0.647935,0.011438,0.499617,call,77.0264,77.692044,2.30914,0.836875
134.8658,143.4722,1.113878,0.079377,0.454383,call,25.9006,27.027061,0.940014,-0.061861
155.3003,203.0463,1.097352,0.02827,0.203513,put,41.9787,44.032388,0.764852,-0.268073
147.1923,108.3635,1.715819,0.056536,0.565851,put,14.4289,15.879452,1.35832,0.306249
147.865,48.6605,1.992642,0.069441,0.302101,call,102.189,105.508691,3.038706,1.111432
97.4321,196.9615,0.303701,0.021233,0.543805,put,93.5338,98.40198,0.494676,-0.703852
168.1148,190.2233,0.615637,0.069352,0.402557,call,15.7078,15.61561,0.883776,-0.123551
132.3717,128.764,0.779437,0.010857,0.363374,call,18.2707,19.020218,1.028017,0.027632
114.7127,133.883,1.009945,0.040938,0.179762,put,16.867,17.281648,0.856813,-0.154536
143.9019,75.996,1.038429,0.043043,0.557164,call,72.6953,74.377236,1.893546,0.638451
104.0986,179.3066,1.726771,0.036186,0.378331,call,5.7011,5.714865,0.580562,-0.543759
126.9109,124.762,1.564063,0.051047,0.103046,call,13.393,13.756814,1.017224,0.017077
160.5059,45.7592,0.135818,0.074039,0.109142,put,0.01,0.0,3.507617,1.254937
182.9604,156.1125,0.964541,0.032889,0.488816,put,18.3206,18.24232,1.171978,0.158693
188.1586,201.5844,1.27434,0.050548,0.180968,put,16.6138,15.771503,0.933399,-0.068923
125.5449,180.9556,0.974752,0.071422,0.399369,call,7.4844,7.436532,0.693789,-0.365588
128.0413,87.1237,0.348226,0.06411,0.440541,call,42.1916,43.518797,1.469649,0.385024
169.9806,49.0653,0.855201,0.012851,0.239683,call,120.7037,121.451595,3.464377,1.242533
97.1676,199.8597,0.882146,0.075995,0.384657,call,0.5987,0.668284,0.486179,-0.721178
175.6074,199.3007,0.45666,0.013265,0.220129,put,25.5809,25.760518,0.881118,-0.126564
124.1212,130.5106,1.536984,0.051213,0.573158,put,31.6102,32.256126,0.951043,-0.050196
67.3785,149.194,0.710661,0.050275,0.530085,call,0.7546,0.791982,0.451617,-0.794921
60.8089,118.642,1.219076,0.065047,0.244021,call,0.1064,0.11091,0.512541,-0.668375
176.299,111.3601,1.079887,0.020391,0.364407,call,68.4384,69.871822,1.583143,0.459412
58.3352,60.3062,1.767111,0.022556,0.350316,put,11.0355,10.513341,0.967316,-0.03323
92.0917,56.448,0.331828,0.062647,0.580012,put,0.6859,0.649884,1.631444,0.489465
100.1195,79.5645,0.3171,0.020465,0.297014,call,20.5961,21.598858,1.258344,0.229797
75.9492,182.2289,0.670607,0.042861,0.381114,put,98.5325,101.153002,0.416779,-0.875199
97.084,64.7915,0.919308,0.061215,0.564353,put,4.3672,4.477709,1.498407,0.404402
161.4039,78.5388,0.66723,0.055587,0.181406,call,89.195,85.724704,2.055085,0.720317
52.2024,133.2644,1.550055,0.024742,0.375243,call,0.3915,0.388607,0.391721,-0.937206
174.076,76.5723,0.566005,0.031277,0.152836,call,99.306,98.847343,2.273355,0.821257
178.4822,67.7451,0.261072,0.077828,0.408749,call,115.1057,112.09968,2.634613,0.968736
105.8392,135.7638,0.88622,0.041407,0.282842,call,3.6525,3.765057,0.779584,-0.248995
73.0419,102.5759,1.569421,0.013112,0.583818,put,43.454,40.679249,0.712077,-0.339569
140.1261,146.4471,1.716068,0.025371,0.307705,put,22.4274,22.429392,0.956838,-0.044122
67.9509,195.0749,1.493355,0.03397,0.168094,call,0.01,2e-06,0.348332,-1.054598
104.7379,65.6688,1.159985,0.079964,0.517,put,3.5091,3.549985,1.594941,0.466837
193.7644,195.2837,1.475964,0.031188,0.510433,call,53.0937,50.01246,0.99222,-0.007811
199.3197,193.4233,1.39464,0.011848,0.44743,call,44.3121,45.274689,1.030484,0.030029
165.8157,180.9449,0.545297,0.045905,0.474406,put,30.897,29.496118,0.916388,-0.087315
96.6442,147.3186,1.146442,0.015852,0.232358,call,0.6257,0.64625,0.656022,-0.421561
153.1498,145.4249,1.564158,0.029185,0.421027,call,36.4874,37.940291,1.053119,0.051756
155.811,148.6662,0.702529,0.079467,0.11901,put,1.1985,1.159889,1.048059,0.04694
108.1763,157.3842,1.342549,0.059325,0.198445,put,36.827,38.51028,0.687339,-0.374928
146.1333,42.802,1.014813,0.013547,0.56614,call,108.4252,104.141752,3.414172,1.227935
51.6091,202.8757,1.056002,0.041408,0.469618,put,145.1373,142.629556,0.254388,-1.368895
81.3586,139.5526,0.271105,0.022015,0.215336,put,54.8575,57.363586,0.582996,-0.539575
128.7632,172.8492,1.365813,0.018606,0.155692,call,0.8192,0.822209,0.744946,-0.294444
74.5627,104.1379,1.744805,0.051095,0.57446,call,15.5425,15.981326,0.716,-0.334076
74.886,42.1075,0.368719,0.045396,0.156094,call,34.0618,33.477449,1.778448,0.575741
175.4456,126.6549,0.795601,0.062001,0.228535,call,60.4847,55.267131,1.385226,0.325863
198.37,126.2223,0.192468,0.072461,0.191317,call,72.5259,73.895774,1.571592,0.452089
133.3954,114.2882,0.156301,0.027268,0.103732,put,0.01,6.3e-05,1.167185,0.154595
175.8605,97.7519,1.980351,0.074609,0.257067,put,0.3394,0.338969,1.799049,0.587258
198.5482,82.4704,1.037596,0.046259,0.587089,call,121.981,121.83443,2.407508,0.878592
71.2394,129.6826,0.775486,0.028118,0.270952,put,55.2437,55.703953,0.549336,-0.599044
117.2368,103.7973,0.622266,0.069205,0.352152,call,21.9198,22.90203,1.129479,0.121756
108.8859,204.8884,1.962024,0.012487,0.472968,call,9.3492,9.194926,0.53144,-0.632165
62.0074,69.3976,0.579276,0.049166,0.37554,put,10.2403,10.390466,0.893509,-0.112599
163.2995,94.3431,1.478846,0.060514,0.471796,call,77.7855,81.471718,1.73091,0.548647
115.0669,89.9733,0.63914,0.029598,0.430818,call,32.7263,31.146374,1.2789,0.246001
120.399,132.3626,0.23393,0.070444,0.404282,call,5.6548,5.626929,0.909616,-0.094733
72.6009,124.8776,1.398226,0.02682,0.424824,put,50.8903,51.477547,0.581377,-0.542356
77.139,149.4359,0.103099,0.068791,0.499582,call,0.01,8.6e-05,0.516201,-0.661258
186.0655,201.5003,1.383922,0.015498,0.455096,put,42.0136,46.261527,0.923401,-0.079692
56.6974,88.4876,0.575716,0.021195,0.495887,call,1.7278,1.623779,0.640738,-0.445135
84.9278,157.7712,1.517598,0.036669,0.172799,call,0.0282,0.029932,0.538298,-0.619344
93.8089,44.2568,1.562525,0.069784,0.438837,put,0.8239,0.81518,2.119648,0.75125
123.5296,84.606,1.475804,0.020121,0.468511,put,7.546,7.7749,1.460057,0.378475
137.9668,118.8324,0.146519,0.071281,0.249983,call,19.6573,20.608891,1.16102,0.149299
123.9935,45.2691,1.4371,0.026081,0.537289,call,86.7417,81.393964,2.739031,1.007604
62.6173,145.0038,1.981277,0.041676,0.252356,put,77.6828,71.084463,0.431832,-0.839718
86.5501,155.3128,0.560988,0.034691,0.221916,call,0.01,0.001644,0.557263,-0.584718
176.5383,166.9444,0.621053,0.018269,0.533548,call,35.1164,34.536901,1.057467,0.055877
145.6383,127.8177,1.6457,0.076102,0.22351,put,3.7321,3.721433,1.139422,0.130521
147.3724,142.6706,0.404754,0.040672,0.307751,call,16.3868,15.08101,1.032955,0.032424
150.5305,107.3311,1.355109,0.058323,0.283961,put,1.763,1.972432,1.402487,0.338247
164.4355,47.013,1.53455,0.050269,0.549031,put,0.5373,0.5272,3.497658,1.252094
58.7163,56.9918,0.170605,0.04512,0.327618,call,4.1513,4.308296,1.030258,0.029809
104.9913,151.3493,1.152148,0.05316,0.447154,put,41.0885,46.576283,0.693702,-0.365713
130.9291,209.2444,1.194167,0.072884,0.497019,call,11.7673,11.983502,0.625723,-0.468847
100.7685,42.6866,0.676542,0.058952,0.413952,call,65.3034,59.778767,2.360661,0.858942
176.6718,134.7892,1.765055,0.047274,0.571847,call,72.8218,75.29191,1.310727,0.270582
122.3859,167.6715,0.409224,0.055163,0.501254,put,47.7926,45.974491,0.729915,-0.314828
165.2941,180.5517,0.79197,0.052448,0.300103,put,23.5399,22.208307,0.915495,-0.088291
177.8023,132.6848,1.712471,0.040318,0.575406,call,75.9084,75.95666,1.340035,0.292696
125.7187,145.3857,0.462221,0.053733,0.362287,call,6.6294,6.589635,0.864725,-0.145343
186.4328,158.4432,1.660611,0.04105,0.111289,call,35.6255,38.970603,1.176654,0.162675
138.0686,186.0243,0.250231,0.063033,0.230007,put,43.4719,45.086739,0.742207,-0.298127
177.5411,60.7892,1.029535,0.077824,0.410865,put,0.0372,0.035164,2.920602,1.07179
101.0886,197.451,0.243128,0.077191,0.178407,put,92.9726,92.691306,0.511968,-0.669493
124.8225,44.423,1.388017,0.067452,0.392034,call,85.9986,84.447349,2.809866,1.033137
129.7117,182.154,1.602143,0.052123,0.280799,put,45.3157,45.015966,0.712099,-0.339538
65.747,53.0459,1.714731,0.062453,0.367193,call,24.4947,22.074217,1.239436,0.214656
109.7829,73.0868,1.964398,0.022463,0.100937,put,0.01,0.002397,1.502089,0.406857
187.6007,40.662,1.37683,0.043531,0.524211,put,0.0844,0.077366,4.61366,1.529021
144.6248,115.6936,1.561218,0.028011,0.280963,call,39.8188,39.554746,1.250067,0.223197
76.626,96.8411,1.060941,0.010245,0.170079,call,0.7812,0.719393,0.791255,-0.234135
100.8283,68.2188,1.8342,0.077672,0.318958,call,40.7265,43.38437,1.478014,0.390699
78.7405,116.6853,1.323141,0.070469,0.343089,put,32.4531,32.15608,0.67481,-0.393324
53.7235,108.4031,1.778748,0.045959,0.418701,call,2.6257,2.678666,0.49559,-0.702006
189.1191,170.5024,0.547359,0.027791,0.362281,put,10.3356,10.263906,1.109187,0.103628
117.2311,191.8322,1.043802,0.058508,0.121762,call,0.01,0.0012,0.611113,-0.492474
96.1303,150.9364,1.486656,0.040436,0.535756,call,12.782,12.54417,0.636892,-0.451155
139.7716,61.1498,0.485171,0.066234,0.328254,put,0.01,0.000424,2.285725,0.826683
51.0972,90.2164,0.501546,0.079966,0.138494,call,0.01,0.0,0.566384,-0.568483
91.7033,195.2641,1.958281,0.034436,0.486414,put,93.7268,97.748716,0.469637,-0.755795
155.455,55.0849,0.92576,0.027108,0.430077,put,0.0603,0.060213,2.8221,1.037481
145.0655,109.1655,0.445449,0.028717,0.424719,put,2.6696,2.674764,1.328858,0.28432
197.2709,200.2258,0.729781,0.016534,0.313457,put,21.1203,21.31855,0.985242,-0.014868
143.0537,201.613,0.855015,0.037583,0.305249,call,3.0501,3.204158,0.709546,-0.34313
121.6259,109.9045,1.283862,0.01122,0.368169,call,27.9395,26.359142,1.10665,0.101338
164.2149,153.4575,1.853728,0.018008,0.125297,call,19.9624,20.331418,1.0701,0.067752
185.4992,117.6468,1.974521,0.029019,0.249479,call,81.4115,75.992245,1.576747,0.455364
158.1044,168.0883,1.338228,0.02119,0.593947,call,40.6417,40.615831,0.940603,-0.061234
194.4817,45.3688,1.429852,0.061251,0.431096,put,0.0185,0.017612,4.286681,1.455513
167.3008,64.5067,0.711475,0.017392,0.309467,put,0.01,0.000698,2.59354,0.953024
180.0202,144.4138,1.728601,0.07062,0.211182,put,2.1004,2.191094,1.246558,0.220386
67.1156,79.5339,0.513817,0.025478,0.472605,call,5.2119,5.11772,0.843862,-0.169766
159.862,153.2289,0.302123,0.017601,0.230145,call,13.3222,12.14978,1.043289,0.042378
116.0133,99.7079,1.949186,0.010707,0.181185,call,22.5984,22.317488,1.163532,0.15146
132.9656,190.7297,1.741863,0.060064,0.177257,put,43.1172,41.257513,0.697141,-0.360767
148.1154,179.2741,0.676926,0.027963,0.464632,put,42.2816,40.86477,0.826195,-0.190924
195.4723,123.7824,1.382824,0.045665,0.421405,call,86.1146,84.812375,1.57916,0.456893
197.6867,171.3922,0.987335,0.017813,0.134903,put,1.3944,1.381403,1.153417,0.142729
93.2342,86.0934,0.713944,0.078971,0.157521,call,13.1349,12.784803,1.082942,0.079682
160.063,124.0242,0.644871,0.018777,0.416923,put,5.8234,5.608939,1.290579,0.255091
162.4975,73.5719,0.358452,0.038835,0.385558,put,0.01,0.001498,2.208689,0.792399
101.9739,186.3506,1.143704,0.069615,0.443,call,4.2422,4.190215,0.547215,-0.602913
68.5805,179.9215,0.948534,0.027142,0.189019,call,0.01,1e-06,0.381169,-0.964513
56.142,193.3654,1.073154,0.028688,0.463294,call,0.0906,0.092648,0.290342,-1.236697
166.6015,189.1711,0.509179,0.066595,0.568048,put,39.3147,36.921568,0.880692,-0.127047
123.455,203.1314,1.88336,0.029134,0.400525,put,75.7948,78.679347,0.607759,-0.497976
197.831,78.8172,1.313323,0.010201,0.198065,call,111.6892,120.062874,2.509999,0.920283
119.746,198.4101,1.809241,0.039954,0.439772,call,12.0775,11.61496,0.603528,-0.504963
196.6875,137.1062,0.307615,0.010877,0.271541,put,0.0582,0.06341,1.434563,0.36086
111.7364,111.8242,1.283417,0.073685,0.124644,call,11.0991,12.28421,0.999215,-0.000785
169.0523,135.2636,1.713977,0.054927,0.251169,put,4.3827,4.191844,1.249799,0.222983
62.7229,98.2424,0.728749,0.050811,0.552793,put,36.0082,35.724608,0.63845,-0.448711
133.3193,89.054,0.470772,0.024111,0.30557,call,46.5487,45.473657,1.497061,0.403504
170.309,81.0234,0.60354,0.058996,0.532333,call,90.6128,92.662848,2.101972,0.742876
188.7053,54.0128,0.618574,0.057408,0.35433,put,0.01,1.1e-05,3.493716,1.250966
173.3875,124.416,0.949678,0.014232,0.358489,put,4.0412,4.296535,1.39361,0.331898
55.5456,190.9195,0.719331,0.071659,0.102608,call,0.01,0.0,0.290937,-1.234647
105.9054,147.1258,0.615421,0.050559,0.418552,call,3.7188,3.972157,0.719828,-0.328742
57.3048,128.5659,1.332173,0.065473,0.153907,call,0.01,8e-05,0.445723,-0.808057
66.3923,112.8608,0.200762,0.028404,0.339374,put,44.7677,45.82763,0.588268,-0.530573
151.2958,118.9483,0.746691,0.018543,0.230158,call,35.5659,35.239791,1.271947,0.240548
156.9887,75.5771,1.410529,0.059171,0.296191,call,88.27,87.590435,2.077198,0.73102
166.0581,179.8991,0.434115,0.065572,0.368539,call,12.6849,12.444021,0.923062,-0.080058
179.8185,73.7251,0.519763,0.037022,0.107232,put,0.01,0.0,2.43904,0.891605
160.9147,161.8259,0.481267,0.011658,0.242292,call,10.5896,10.775042,0.99437,-0.005646
170.1307,169.1975,0.10176,0.067278,0.594806,call,13.9783,13.850841,1.005516,0.005501
57.3446,137.7277,1.000159,0.024427,0.1287,call,0.01,0.0,0.416362,-0.876201
85.1803,186.6975,0.174022,0.033732,0.259697,call,0.01,0.0,0.456248,-0.78472
143.2847,89.4786,0.618586,0.053976,0.260711,call,58.6324,56.796062,1.60133,0.470834
178.7188,189.8749,1.990127,0.016997,0.289693,put,32.0491,31.810561,0.941245,-0.060552
50.675,163.9998,1.844953,0.01504,0.44239,put,112.4867,109.401076,0.308994,-1.174432
127.1944,175.7875,0.508644,0.011799,0.223872,call,0.1937,0.207667,0.723569,-0.323559
151.5931,152.9786,0.689005,0.074165,0.330135,put,13.0426,13.251955,0.990944,-0.009098
54.4411,183.8783,0.981039,0.031797,0.422432,put,117.0592,123.817289,0.296071,-1.217155
110.2033,208.8268,1.704386,0.056246,0.261161,call,1.1943,1.151116,0.527726,-0.639178
184.3452,111.4277,1.625027,0.079246,0.574386,put,9.4305,10.143823,1.654393,0.503434
150.7419,178.3657,0.339859,0.056862,0.589836,call,11.5885,12.153295,0.845129,-0.168267
85.6488,166.5786,0.336453,0.046757,0.159837,put,80.4227,78.329795,0.514164,-0.665212
177.9172,116.9879,0.891791,0.046464,0.27191,put,0.5057,0.522453,1.520816,0.419247
102.2047,197.5813,1.753181,0.036384,0.203986,put,79.4757,83.344962,0.517279,-0.659172
178.0017,107.0524,1.775961,0.051985,0.193395,call,84.153,80.502881,1.662753,0.508475
94.8415,136.1292,0.303995,0.077115,0.34549,call,0.3406,0.324709,0.696702,-0.361397
138.548,58.0102,1.191165,0.065163,0.381914,put,0.1445,0.139154,2.388339,0.870598
109.541,78.3818,0.395783,0.039696,0.312826,put,0.2821,0.270208,1.397531,0.334707
91.2238,182.9183,1.403646,0.033271,0.236277,put,82.5035,83.47007,0.498713,-0.695725
182.9836,107.414,1.841223,0.071847,0.239311,call,88.2815,89.194015,1.703537,0.532707
78.1391,106.9943,0.964062,0.019505,0.596064,call,9.8511,10.181384,0.73031,-0.314286
62.7217,81.8168,0.257857,0.069471,0.561839,call,2.1582,2.14012,0.766612,-0.265774
101.289,123.5738,1.200583,0.027855,0.137949,put,18.8606,19.372178,0.819665,-0.19886
157.6459,176.9889,0.876182,0.060094,0.428275,call,20.5866,21.04248,0.890711,-0.115736
171.1147,192.1779,1.640708,0.066435,0.328439,put,30.0991,29.222276,0.890398,-0.116087
199.8115,51.9195,0.746654,0.04339,0.444407,put,0.01,0.001518,3.84849,1.347681
94.4543,137.7195,1.762305,0.02346,0.39848,put,47.8612,46.926511,0.685845,-0.377103
111.1913,119.4365,0.620031,0.069134,0.544626,put,22.6801,20.812022,0.930966,-0.071533
70.5232,144.4279,0.399284,0.035726,0.133494,put,69.3239,71.859136,0.488293,-0.716839
136.2308,116.0369,0.682313,0.032448,0.274799,call,23.6903,26.088754,1.17403,0.160442
199.637,107.7696,0.16634,0.045701,0.592747,put,0.0568,0.054487,1.852442,0.616505
155.1322,120.2197,0.634367,0.040456,0.191143,call,36.7451,38.220485,1.290405,0.254956
139.2819,138.9399,1.354224,0.057814,0.163667,call,16.2306,16.455902,1.002462,0.002459
108.8554,125.1671,0.370338,0.019604,0.464486,call,6.1937,6.795978,0.86968,-0.13963
187.2948,120.2646,0.311593,0.040498,0.488718,put,0.7583,0.794487,1.557357,0.44299
124.5375,179.032,0.351532,0.072419,0.436137,call,1.5778,1.706772,0.695616,-0.362958
70.155,166.7602,0.247348,0.012524,0.488098,put,94.0037,96.090544,0.420694,-0.865849
104.8068,98.0343,1.761807,0.042014,0.446861,put,16.2461,16.573252,1.069082,0.0668
60.075,176.0981,1.893819,0.056237,0.167885,put,98.6743,98.232377,0.341145,-1.075447
80.2969,185.1206,0.188466,0.07214,0.404111,call,0.01,6e-06,0.433754,-0.835277
52.6503,66.0937,1.544136,0.051565,0.488438,call,10.0801,9.749795,0.796601,-0.227401
117.992,139.056,1.500588,0.067714,0.532758,call,25.2535,27.483416,0.848521,-0.16426
145.181,88.503,1.994128,0.025588,0.223118,call,63.5376,61.662701,1.640407,0.494945
101.4939,165.6593,0.760954,0.034697,0.163715,call,0.01,0.002848,0.612666,-0.489935
113.0573,80.5935,0.642467,0.075949,0.490545,call,39.2112,39.404,1.402809,0.338476
193.8814,154.1386,0.960856,0.072018,0.228274,call,51.5633,51.621935,1.257838,0.229394
162.7945,83.3712,1.727493,0.049057,0.115965,put,0.01,1e-06,1.952647,0.669186
131.1285,126.8944,1.484328,0.043284,0.512607,call,35.7997,37.082947,1.033367,0.032822
92.6811,201.2699,0.996085,0.041575,0.352996,call,0.3121,0.315019,0.460482,-0.775482
184.5495,104.8223,0.564669,0.014115,0.263317,call,85.3446,80.574236,1.760594,0.565651
85.2646,188.8755,1.48133,0.072466,0.105715,put,81.4158,84.386138,0.451433,-0.795329
98.8014,207.7806,1.723601,0.06727,0.117664,put,81.7909,86.231885,0.475508,-0.743371
186.3597,188.7246,0.859907,0.041938,0.496312,call,35.6167,35.726936,0.987469,-0.01261
129.4313,68.1972,1.370312,0.029561,0.344853,put,0.6504,0.689922,1.897897,0.640746
161.3477,179.3419,0.860403,0.034004,0.174861,put,16.8462,18.435059,0.899665,-0.105732
138.6117,45.4654,1.009138,0.018621,0.279253,call,92.3738,93.992833,3.04873,1.114725
148.0159,106.8613,1.09733,0.060525,0.182653,call,51.6849,48.193467,1.385121,0.325788
94.9075,188.0247,1.573879,0.048967,0.156441,call,0.01,0.006941,0.504761,-0.683671
86.2058,157.0879,1.957261,0.026387,0.238154,call,0.7862,0.779158,0.548774,-0.600068
98.3739,130.5659,0.944296,0.05361,0.374754,put,28.6467,32.062725,0.753442,-0.283103
73.3162,105.9369,0.750399,0.078546,0.205003,put,27.3953,26.807842,0.692075,-0.368061
181.1472,178.0905,0.809823,0.018568,0.271836,call,20.4567,20.361553,1.017164,0.017018
92.487,160.6249,0.354389,0.042094,0.338965,put,63.6012,65.788722,0.575795,-0.552003
134.2234,119.6289,0.664184,0.044591,0.310015,call,23.8345,23.621776,1.121998,0.115111
168.7962,191.7223,0.26425,0.021676,0.164314,call,0.5125,0.508126,0.88042,-0.127356
167.5736,79.0912,0.912999,0.047211,0.119433,call,86.9545,91.819112,2.11874,0.750822
115.7579,68.9666,0.417979,0.052418,0.117729,call,49.0874,48.285992,1.678465,0.51788
121.4386,149.2766,0.758173,0.021014,0.27509,call,4.0944,3.86263,0.813514,-0.206392
199.2053,205.239,1.607798,0.020831,0.459401,call,45.4043,45.92782,0.970601,-0.02984
151.1896,82.0336,0.567263,0.069944,0.165628,put,0.01,0.0,1.84302,0.611406
172.1958,82.444,1.2626,0.031797,0.49349,put,2.2871,2.307692,2.08864,0.736513
185.3831,63.7148,1.812245,0.054123,0.457837,put,0.724,0.693914,2.909576,1.068008
168.1385,186.2958,1.177165,0.053874,0.101972,call,4.3909,4.678415,0.902535,-0.102548
77.7769,78.4876,0.468206,0.068742,0.113374,put,1.6424,1.595941,0.990945,-0.009096
134.3256,125.5403,0.755056,0.061793,0.197517,call,17.1921,17.795697,1.06998,0.06764
65.2841,208.4483,1.221701,0.06884,0.12806,call,0.01,0.0,0.313191,-1.160942
147.9383,42.064,1.062561,0.053765,0.365672,put,0.01,0.001745,3.516986,1.257604
193.3024,134.6026,0.382378,0.041462,0.119814,call,59.0925,60.816961,1.436097,0.361929
126.9098,127.0891,0.948913,0.03755,0.501323,put,23.6686,21.992936,0.998589,-0.001412
114.9459,177.2661,1.131827,0.036532,0.346481,put,54.7509,58.90152,0.648437,-0.43319
55.3764,100.3979,0.607932,0.039288,0.463977,put,44.3464,43.295498,0.55157,-0.594987
193.9662,109.758,1.263646,0.019052,0.475351,put,5.4944,5.055823,1.767216,0.569406
65.4504,68.5495,0.233304,0.039677,0.353382,call,3.5247,3.40754,0.954791,-0.046263
56.1619,165.9386,0.739553,0.037261,0.562681,call,0.2154,0.231487,0.33845,-1.08338
86.91,173.4005,1.628126,0.01242,0.59512,call,8.564,9.150999,0.50121,-0.690731
59.8296,63.2328,0.592641,0.029259,0.279607,call,3.9935,4.149825,0.94618,-0.055323
118.2677,106.8877,1.249836,0.062633,0.162932,call,21.2782,21.111392,1.106467,0.101172
127.4132,191.7938,0.879056,0.050456,0.281619,call,1.5514,1.534005,0.664324,-0.408986
96.8855,40.4602,0.701274,0.066432,0.211677,call,54.5614,58.266939,2.394585,0.87321
57.6441,90.789,1.84065,0.047988,0.365503,put,28.677,29.986008,0.634923,-0.454251
66.7401,134.3572,0.752197,0.069786,0.289194,call,0.0339,0.035807,0.496736,-0.699697
107.6757,96.796,0.549684,0.065725,0.340225,call,18.6355,18.805579,1.112398,0.106518
59.0793,86.2477,1.827672,0.01688,0.481594,put,36.1666,32.900674,0.684995,-0.378343
154.7285,118.2064,1.517294,0.07839,0.23701,put,1.504,1.578084,1.308969,0.26924
81.0531,70.8589,1.395419,0.011032,0.368737,put,7.7148,8.11155,1.143865,0.134413
95.3107,130.0363,0.194116,0.051779,0.267581,put,31.5519,33.447459,0.732955,-0.310671
109.1189,160.1383,0.349289,0.065476,0.49248,call,2.0156,1.953192,0.681404,-0.3836
112.4914,137.8001,1.312846,0.033233,0.419768,put,34.1015,34.172134,0.816338,-0.202927
50.2491,55.8286,0.497922,0.0519,0.104252,call,0.2617,0.274405,0.900061,-0.105293
66.8106,183.5495,0.528712,0.035349,0.430026,call,0.01,0.006964,0.363992,-1.010623
179.4147,69.7462,1.580363,0.014243,0.185081,put,0.01,9e-05,2.572392,0.944836
50.185,170.018,0.643257,0.010592,0.462237,call,0.01,0.00474,0.295174,-1.220189
126.2251,101.2961,0.236016,0.01664,0.383669,call,30.0572,26.499184,1.246101,0.220019
123.4253,173.0694,0.169221,0.016889,0.300741,call,0.0193,0.018527,0.713155,-0.338057
99.9641,75.0664,0.942038,0.052762,0.447033,put,4.5229,4.544053,1.331676,0.286438
114.6991,71.7326,1.272544,0.046811,0.528297,call,50.6207,52.361995,1.598982,0.469367
167.0872,124.4944,1.750882,0.041882,0.489372,put,14.5173,15.563393,1.342126,0.294255
176.1806,45.5991,0.310528,0.058435,0.37269,put,0.01,0.0,3.863683,1.351621
89.0523,78.3005,0.473678,0.011178,0.461347,put,6.0598,5.86041,1.137314,0.128669
98.3736,163.0821,1.106621,0.028969,0.306957,put,59.4075,60.825248,0.603215,-0.505482
86.3724,182.3552,0.791806,0.064417,0.494513,call,1.3596,1.281286,0.473649,-0.747288
121.9795,53.7335,1.016821,0.073698,0.514526,put,0.6801,0.679348,2.270083,0.819816
152.4888,189.9532,1.855837,0.040684,0.168647,call,6.2838,6.049061,0.80277,-0.219687
84.2379,175.5779,1.135294,0.015704,0.219016,put,89.5528,88.245741,0.479775,-0.734438
99.6104,187.8463,0.888729,0.065911,0.234994,call,0.0425,0.042989,0.530276,-0.634358
189.5577,158.7329,1.979936,0.071962,0.183041,put,2.0248,2.126873,1.194193,0.177471
57.2854,154.606,0.22391,0.038956,0.296268,call,0.01,0.0,0.370525,-0.992834
119.1154,129.2658,1.871016,0.027035,0.196517,call,11.6057,11.136382,0.921476,-0.081778
156.7337,150.9738,1.053157,0.013078,0.39777,put,20.4606,20.994277,1.038152,0.037442
72.5681,196.2486,1.057137,0.051376,0.150808,call,0.01,0.0,0.369776,-0.994857
57.1061,57.0887,1.851732,0.073691,0.23496,put,3.5421,3.745401,1.000304,0.000304
70.7308,93.68,1.063916,0.057452,0.43276,call,7.2351,6.963152,0.755026,-0.281003
187.8235,52.3173,0.932973,0.032207,0.299273,call,139.1995,137.054832,3.59008,1.278175
51.389,200.6169,0.617728,0.055002,0.310731,put,133.959,142.526167,0.256155,-1.361974
78.2483,115.6951,1.351752,0.068245,0.498963,put,36.7991,37.2161,0.676332,-0.391071
54.6925,154.8086,1.182326,0.043308,0.592256,put,98.2622,93.889095,0.353291,-1.040462
66.5944,182.9904,0.507256,0.067382,0.382534,call,0.01,0.001221,0.363923,-1.010813
143.0224,208.47,1.447885,0.037434,0.139534,call,0.2779,0.294206,0.686057,-0.376794
86.2458,67.503,1.323765,0.034395,0.151451,put,0.2555,0.256447,1.277659,0.245029
135.3818,175.9171,0.854934,0.050809,0.58425,put,56.8926,51.407994,0.769577,-0.261914
138.5293,190.8619,0.108362,0.042528,0.439617,put,49.8406,51.575312,0.725809,-0.320468
177.4153,48.3088,0.948504,0.078398,0.476235,call,135.8695,132.585915,3.672524,1.300879
50.7112,168.1954,0.11151,0.046147,0.437882,put,118.1379,116.620893,0.301502,-1.198979
178.0054,100.3033,0.242497,0.036962,0.189809,put,0.01,0.0,1.774672,0.573615
142.8679,150.2615,0.918159,0.037645,0.324181,call,16.7881,16.653878,0.950795,-0.050457
74.4115,127.3882,0.255648,0.048356,0.49904,put,50.4215,51.576615,0.584132,-0.537628
165.9406,84.1562,0.623764,0.034844,0.533181,call,83.0471,84.560032,1.971817,0.678956
178.3237,62.9876,1.345434,0.060603,0.218668,put,0.01,2.6e-05,2.831091,1.040662
88.1395,59.881,0.686369,0.036646,0.397981,put,1.1873,1.188799,1.471911,0.386561
187.8191,57.5649,1.995532,0.03689,0.178551,call,140.3793,134.339609,3.262736,1.182566
118.1686,148.4243,1.840974,0.053188,0.579138,put,47.462,47.326084,0.796154,-0.227963
140.5137,99.7398,1.212089,0.014259,0.226102,put,1.0142,0.961289,1.408802,0.34274
197.6974,76.8277,1.9372,0.055875,0.463318,call,134.0876,130.306313,2.573258,0.945173
104.2304,157.6205,1.749233,0.045348,0.215556,call,2.0639,2.070121,0.661275,-0.413586
171.9739,156.7644,0.705907,0.041712,0.408027,call,32.2615,33.307496,1.097021,0.092599
97.7599,131.6586,1.524233,0.060348,0.429632,put,34.7262,35.591777,0.742525,-0.297698
169.882,198.9428,0.35998,0.063078,0.264214,put,25.7002,27.740577,0.853924,-0.157913
140.1101,105.5204,1.400648,0.069238,0.509417,put,10.7744,10.920407,1.327801,0.283524
82.4534,182.0967,1.033055,0.036236,0.542685,call,2.5557,2.537123,0.4528,-0.792305
112.1039,52.7737,0.131969,0.032893,0.527535,call,64.6682,59.558927,2.124238,0.753413
97.6453,165.7713,0.621037,0.060004,0.265399,call,0.084,0.08157,0.589037,-0.529267
61.7163,208.0361,1.915226,0.050726,0.47217,call,1.1539,1.206455,0.296661,-1.215164
54.4752,183.9217,0.70008,0.054226,0.379745,put,113.7722,122.595971,0.296187,-1.216764
101.9718,138.543,0.444763,0.048887,0.396314,call,2.1941,2.217096,0.73603,-0.306484
52.8551,146.5502,0.45631,0.064089,0.338713,put,93.1033,89.471454,0.360662,-1.019814
74.8232,100.0592,1.010505,0.023303,0.400131,put,27.7603,28.070021,0.747789,-0.290635
158.7775,155.5125,1.701034,0.0489,0.167827,call,23.0501,22.441654,1.020995,0.020778
156.2137,170.9672,1.540203,0.021067,0.304424,call,19.5537,19.732479,0.913706,-0.090247
160.7871,209.6988,0.930019,0.038508,0.188836,put,44.6986,43.1513,0.766752,-0.265592
97.573,123.7187,0.496581,0.05648,0.240053,put,21.7816,23.672993,0.788668,-0.23741
183.5029,50.4217,0.187523,0.044515,0.163907,call,144.2091,133.500376,3.639365,1.291809
139.0746,141.2959,0.978998,0.036571,0.206248,put,9.3208,9.870338,0.984279,-0.015846
68.904,60.2341,1.648073,0.071948,0.490965,call,24.9501,23.997372,1.143936,0.134475
71.5578,81.6101,1.486396,0.064098,0.374918,call,11.7349,11.896957,0.876826,-0.131447
153.9643,95.8926,0.876341,0.04684,0.111822,put,0.01,1e-06,1.605591,0.473492
75.9416,164.2751,1.229935,0.076504,0.494262,put,75.6241,76.546967,0.462283,-0.771578
126.0939,71.2474,0.928868,0.039706,0.554734,put,3.1386,3.098895,1.769804,0.570869
198.7662,68.178,1.200131,0.065165,0.540215,call,139.4737,136.354201,2.9154,1.070007
50.6011,47.6439,1.08326,0.021756,0.511508,put,8.7231,8.284144,1.062069,0.060219
52.487,188.4508,1.393837,0.030005,0.596108,call,1.1138,1.039927,0.278518,-1.278272
198.9627,157.8959,1.064647,0.033666,0.393201,put,10.8816,10.703876,1.260088,0.231181
137.6958,46.7909,1.887161,0.017407,0.581294,call,102.7474,94.637684,2.942791,1.079358
69.0365,44.8097,0.913254,0.045126,0.574422,put,3.1587,3.14403,1.54066,0.432211
184.5953,134.9746,0.130241,0.023458,0.256619,put,0.01,0.001199,1.36763,0.313079
182.057,88.0308,0.54911,0.054393,0.531717,call,99.2067,97.124531,2.068105,0.726633
130.4301,141.4435,1.051153,0.023306,0.496236,call,22.6796,23.3203,0.922136,-0.081063
143.2688,113.8827,1.127087,0.018645,0.487899,put,13.1772,13.058772,1.258038,0.229554
90.9781,196.9631,1.149531,0.077836,0.54814,put,95.9119,93.557846,0.461904,-0.772398
57.578,88.9275,1.457649,0.056077,0.292095,call,1.9921,1.995342,0.647471,-0.434682
139.1851,155.4547,0.621831,0.075552,0.300027,put,18.9714,18.587485,0.895342,-0.110549
94.2133,49.1892,1.363317,0.044292,0.420026,put,1.09,1.044368,1.915323,0.649886
149.5432,202.4963,1.437661,0.012338,0.468902,put,67.8886,67.968005,0.738498,-0.303137
175.4368,206.7288,0.881433,0.050206,0.539869,put,42.2298,49.520423,0.848633,-0.164129
52.7241,165.6427,0.864121,0.049083,0.537923,call,0.2341,0.215236,0.3183,-1.144761
139.3571,119.0861,0.439957,0.011048,0.46067,call,27.7894,28.209339,1.170221,0.157193
84.6921,77.3989,0.886576,0.070287,0.578446,call,22.5482,23.516613,1.094229,0.09005
181.0833,178.1278,1.594951,0.053398,0.189314,call,25.1029,26.598481,1.016592,0.016456
88.0497,165.1802,1.827049,0.062128,0.57517,put,71.102,72.318759,0.533052,-0.629136
141.6155,77.7322,1.227865,0.044574,0.132096,call,66.1091,68.023411,1.821839,0.599846
133.0311,116.7066,0.668804,0.053288,0.377811,put,6.7331,6.991061,1.139877,0.13092
109.425,118.6758,1.39635,0.028023,0.145098,put,9.8636,10.212222,0.922049,-0.081156
151.6431,180.4898,1.506278,0.078163,0.384,call,25.5325,24.873424,0.840176,-0.174144
158.8654,156.2536,0.731204,0.03805,0.295055,put,13.6509,12.391851,1.016715,0.016577
135.0407,149.3385,1.670441,0.021363,0.140805,put,15.9137,15.286151,0.904259,-0.100639
163.7633,150.4707,0.240022,0.013914,0.424058,put,7.6288,7.222835,1.088341,0.084654
197.5126,85.9799,0.120432,0.054532,0.465599,call,109.98,112.095463,2.297194,0.831688
112.8909,103.1909,0.333644,0.078837,0.187093,put,0.8338,0.829414,1.094,0.089841
127.1875,47.7626,0.396416,0.072706,0.447218,call,82.5056,80.782725,2.66291,0.979419
51.8705,173.78,1.769965,0.059147,0.189524,call,0.01,2.8e-05,0.298484,-1.20904
169.4043,113.6097,0.907465,0.079342,0.168698,call,62.3412,63.697273,1.491108,0.399519
128.0345,114.5005,0.62237,0.060598,0.173682,put,1.1852,1.13626,1.1182,0.11172
111.1942,81.7106,0.915243,0.033748,0.399539,call,37.561,35.61873,1.36083,0.308095
64.1108,75.6026,0.850198,0.052085,0.489395,put,16.7669,16.710555,0.847997,-0.164878
183.4485,139.9297,0.672777,0.015584,0.398447,call,47.5309,50.552387,1.311004,0.270793
109.2511,79.534,0.362009,0.025518,0.504676,call,31.9805,32.460434,1.37364,0.317464
152.3872,50.9155,1.346239,0.039228,0.395739,put,0.0704,0.076635,2.992944,1.096257
72.4061,170.4763,0.359548,0.024127,0.498661,call,0.0223,0.022173,0.424728,-0.856305
194.2324,103.9998,1.573306,0.076745,0.588261,call,111.1889,109.786735,1.867623,0.624667
76.7663,104.64,0.483207,0.079692,0.29548,put,24.3703,24.704793,0.733622,-0.309761
79.9313,113.3241,1.489605,0.035966,0.174971,put,28.5714,28.230146,0.705334,-0.349084
178.8474,178.5576,1.630614,0.059646,0.167698,call,24.9764,24.46621,1.001623,0.001622
186.8874,94.5423,0.338119,0.038544,0.398739,call,94.7831,93.581091,1.97676,0.681459
81.8221,168.8662,0.264817,0.019766,0.373552,call,0.01,0.000488,0.484538,-0.724559
120.4701,199.7226,1.904188,0.033585,0.192118,put,66.8091,67.666114,0.603187,-0.505528
160.0242,152.3476,0.979789,0.026336,0.541052,call,39.4477,38.655409,1.050389,0.049161
181.7549,113.3858,1.297447,0.032965,0.578374,call,90.9119,84.260003,1.602977,0.471863
106.8579,167.1243,0.144195,0.025052,0.226608,call,0.01,0.0,0.639392,-0.447238
127.5529,117.8426,0.629549,0.017864,0.203441,put,3.6309,3.533268,1.082401,0.079182
161.2575,110.4526,1.060256,0.02522,0.206961,put,0.3219,0.307896,1.459969,0.378415
159.6704,129.2981,1.783815,0.073403,0.293711,call,51.2502,51.759139,1.234901,0.210991
167.444,94.0128,0.615735,0.015966,0.526614,put,1.883,1.780196,1.781077,0.577218
135.4901,57.7225,1.572864,0.032733,0.39798,put,0.6163,0.580832,2.347265,0.853251
65.6923,110.5248,1.358205,0.046991,0.133777,call,0.01,0.006319,0.594367,-0.520259
185.596,61.0557,0.319014,0.034816,0.33649,put,0.01,0.0,3.039783,1.111786
179.8359,109.7751,0.657413,0.046232,0.145166,put,0.01,1.4e-05,1.638222,0.493611
169.7146,134.6787,0.551942,0.013039,0.303107,put,2.4359,2.513502,1.260144,0.231226
64.9794,198.2209,0.940802,0.0554,0.30176,call,0.01,0.001098,0.327813,-1.115312
80.6596,46.1578,1.307135,0.049444,0.424176,call,40.1998,38.712316,1.747475,0.558172
161.5401,145.6479,0.923498,0.057668,0.374727,put,12.4381,11.656215,1.109113,0.103561
53.471,117.815,0.564619,0.049708,0.537377,put,60.4558,61.4391,0.453856,-0.789976
196.8837,43.4444,1.42217,0.040653,0.108138,call,162.4621,155.879846,4.531855,1.511131
106.5717,82.4232,1.210495,0.03451,0.486999,put,9.3398,8.71716,1.292982,0.256951
157.8969,60.1425,1.086696,0.02585,0.111329,call,94.0146,99.420377,2.62538,0.965226
183.1357,76.855,1.153397,0.045005,0.252145,call,109.2712,110.171011,2.382872,0.868307
109.1945,86.6769,0.521611,0.011824,0.539832,put,5.5616,6.229601,1.259787,0.230943
97.8699,108.2221,1.392819,0.032977,0.445207,put,23.496,23.707438,0.904343,-0.100547
141.3112,129.9367,0.836251,0.057451,0.185998,put,2.7006,2.815946,1.087539,0.083917
137.1484,40.1683,0.790589,0.01761,0.345392,call,96.4735,97.535604,3.414344,1.227985
111.371,67.5178,0.384495,0.014402,0.460952,put,0.4337,0.377109,1.649506,0.500476
140.2662,55.9063,1.233991,0.055653,0.568672,call,97.0638,89.385636,2.508952,0.919865
190.3072,133.4445,1.245062,0.037844,0.417161,call,65.5649,70.650514,1.426115,0.354954
120.146,95.9427,0.746571,0.066128,0.112338,call,29.6334,28.831971,1.252268,0.224957
79.5113,133.2276,1.733715,0.075612,0.349851,call,5.1264,4.929114,0.596808,-0.51616
106.5809,77.71,1.70637,0.076993,0.176481,put,0.191,0.194464,1.371522,0.315921
109.116,44.119,0.307203,0.039791,0.12389,call,66.1174,65.533088,2.473222,0.905522
69.6663,200.0324,1.420573,0.028503,0.399255,call,0.3236,0.319032,0.348275,-1.054762
74.4307,58.4124,0.848286,0.052603,0.488461,put,4.2294,4.535453,1.274229,0.242341
152.6843,61.566,1.999458,0.053974,0.11803,put,0.01,0.0,2.480011,0.908263
100.9217,64.913,0.527545,0.053564,0.491795,put,1.2552,1.244378,1.554723,0.441297
193.2348,206.817,0.632996,0.032525,0.453194,put,33.4064,33.241092,0.934327,-0.067929
86.5395,145.0022,0.940002,0.014463,0.475993,call,3.4131,3.538876,0.596815,-0.516148
64.8387,143.7493,0.610559,0.0247,0.222364,put,73.7098,76.759009,0.451054,-0.796168
163.0257,207.7387,1.414787,0.020809,0.296798,call,10.6049,10.652781,0.784763,-0.242373
182.1554,55.0346,1.013725,0.018673,0.159875,call,133.8314,128.152786,3.309835,1.196898
91.717,205.6652,0.51967,0.07484,0.219445,put,105.6972,106.102968,0.445953,-0.807542
80.3132,74.6822,1.062111,0.010969,0.251395,call,12.5483,11.605814,1.075399,0.072692
77.8649,145.9222,1.788697,0.05213,0.259718,put,54.0521,56.000788,0.533606,-0.628098
128.3018,111.4142,1.605552,0.076323,0.18752,put,1.8077,1.790327,1.151575,0.141131
120.2625,105.2718,1.047775,0.035204,0.194356,put,2.3472,2.389681,1.1424,0.133131
88.916,198.3114,0.648136,0.046897,0.550735,put,107.47,104.400558,0.448366,-0.802147
56.776,65.3687,0.441784,0.058705,0.491947,put,11.2964,11.756223,0.86855,-0.140931
122.2237,209.5017,1.768927,0.032202,0.272239,put,85.5728,78.050117,0.583402,-0.538879
193.8999,104.4513,1.449317,0.043436,0.573822,put,7.1771,7.840762,1.856367,0.618621
147.8779,150.2917,1.18711,0.067197,0.219461,put,10.3827,9.561658,0.983939,-0.016191
124.326,204.5441,1.770926,0.062175,0.30341,call,5.4269,5.402595,0.60782,-0.497877
66.6038,49.7922,0.331212,0.066591,0.506763,put,1.2268,1.193571,1.337636,0.290904
87.8654,196.8869,1.39673,0.079114,0.321443,call,0.654,0.612438,0.446274,-0.806823
94.2161,136.5279,0.511753,0.035923,0.217313,call,0.0735,0.070085,0.690087,-0.370938
164.7205,159.7475,0.329097,0.062296,0.284268,call,14.5033,15.053121,1.031131,0.030656
181.5066,65.3613,0.984656,0.052195,0.350361,call,123.0136,119.429883,2.776973,1.021362
185.2463,130.6759,0.836047,0.056662,0.410322,call,70.8836,64.829357,1.417601,0.348966
197.6853,154.4973,1.88823,0.061791,0.302803,call,64.3586,67.346882,1.279539,0.2465
197.355,117.562,0.715561,0.062481,0.315652,call,94.2073,85.18344,1.678731,0.518038
192.9499,66.3475,1.648314,0.072002,0.231972,call,136.6125,134.027578,2.908172,1.067525
60.7733,81.5002,1.522771,0.034453,0.367674,put,21.8582,22.342422,0.745683,-0.293455
70.669,185.2468,1.369055,0.055744,0.209728,call,0.01,0.000983,0.381486,-0.963681
95.67,45.8601,1.848761,0.02962,0.533763,call,54.7798,55.398443,2.086128,0.73531
132.9347,160.5066,0.875057,0.05162,0.473684,put,33.042,36.623374,0.82822,-0.188476
64.5467,209.8963,0.840375,0.062582,0.305139,call,0.01,0.000199,0.307517,-1.179225
176.8695,41.2721,0.4058,0.06537,0.473614,call,134.8809,136.677875,4.28545,1.455225
142.5134,67.3778,0.623948,0.039409,0.103498,call,72.6474,76.772209,2.11514,0.749121
131.3547,154.6045,1.771575,0.04561,0.272245,put,26.7824,25.816681,0.849617,-0.162969
74.7967,50.1984,1.001326,0.033369,0.320151,put,0.7753,0.783995,1.49002,0.39879
87.9883,140.2643,0.748571,0.021833,0.334899,put,49.2083,50.824269,0.627304,-0.466324
74.0468,156.28,0.510613,0.028236,0.474366,call,0.1919,0.195253,0.473809,-0.746952
177.79,139.9849,1.021424,0.07385,0.581404,call,65.4541,64.312049,1.270066,0.239069
137.6342,102.0814,1.461664,0.031628,0.289999,call,43.7771,43.617382,1.348279,0.298829
160.2694,158.538,0.644715,0.078233,0.2753,put,9.11,9.441297,1.010921,0.010862
94.4049,141.0301,1.539661,0.026903,0.405258,put,48.9727,48.666852,0.669396,-0.40138
105.6879,75.2983,1.296597,0.060615,0.240627,call,36.635,36.728133,1.403589,0.339033
110.7282,135.733,1.596369,0.050173,0.170675,call,4.2083,4.4631,0.81578,-0.203611
164.0022,189.9242,0.576728,0.058781,0.58077,call,21.1986,21.509058,0.863514,-0.146745
165.8529,153.3617,1.298953,0.055077,0.504765,put,25.2482,24.537154,1.08145,0.078303
81.022,120.2046,0.392097,0.059472,0.57925,put,40.3235,39.201806,0.674035,-0.394474
191.2308,94.6693,0.791214,0.073388,0.208916,call,100.7303,101.902147,2.019988,0.703091
68.0983,54.6007,1.476284,0.049443,0.108905,call,17.9651,17.3768,1.247207,0.220906
184.4183,81.5866,1.30017,0.014749,0.318631,put,0.1523,0.160644,2.260399,0.815541
65.0593,41.9017,0.456935,0.028958,0.566804,call,23.6694,24.848948,1.552664,0.439972
89.681,207.7264,1.730851,0.059575,0.169163,call,0.01,0.003504,0.431726,-0.839963
176.9718,77.822,0.201367,0.044585,0.158593,call,107.3224,99.845355,2.274059,0.821566
76.9238,178.5289,1.23091,0.048399,0.134476,put,92.0251,91.279964,0.430876,-0.841935
112.0352,68.6696,1.969259,0.051761,0.482509,put,5.667,5.74622,1.63151,0.489506
117.4789,88.2122,1.109859,0.036784,0.492963,call,44.1215,40.958486,1.331776,0.286513
86.7888,111.1071,1.621276,0.064173,0.447688,call,14.7224,14.936798,0.781128,-0.247017
156.5368,95.149,1.230844,0.060647,0.126646,call,75.857,68.231915,1.645176,0.497847
177.7002,175.7196,1.587868,0.060001,0.461644,call,46.9797,48.212422,1.011271,0.011208
181.1863,202.8079,1.345629,0.060072,0.324314,put,28.9623,30.506029,0.893389,-0.112734
100.8983,188.8001,1.413151,0.072325,0.178947,put,69.0414,69.620549,0.534419,-0.626575
129.6276,66.1082,0.532841,0.051677,0.247563,put,0.01,0.0002,1.960838,0.673372
87.261,172.0371,1.50946,0.077695,0.350573,call,2.1225,2.212207,0.507222,-0.678807
86.7195,65.151,0.552029,0.018343,0.264826,put,0.4816,0.425013,1.331054,0.285971
74.1881,195.2748,1.963217,0.054237,0.584875,call,6.799,6.692235,0.379916,-0.967804
191.0029,128.0394,0.532796,0.060185,0.337371,call,69.1766,67.607033,1.491751,0.399951
183.1983,97.1848,0.5497,0.043405,0.286075,call,86.2726,88.312317,1.885051,0.633955
166.6038,66.6943,1.731479,0.030175,0.436583,call,101.3752,104.390676,2.49802,0.915499
127.6492,42.0075,0.561673,0.048503,0.425273,call,91.2216,86.771626,3.038721,1.111437
123.5912,82.151,0.785715,0.035532,0.10122,put,0.01,1e-06,1.504439,0.40842
129.4618,195.3834,1.457816,0.073639,0.409237,call,11.3552,12.043984,0.662604,-0.411578
130.4852,175.5346,0.401622,0.034975,0.221884,put,42.2465,42.77559,0.743359,-0.296576
115.1845,204.8649,0.402236,0.022299,0.287617,put,93.7941,87.858344,0.562246,-0.575816
69.7632,57.1295,1.024081,0.050347,0.453174,call,20.2216,20.607733,1.221143,0.199787
68.8496,140.6704,0.563024,0.037719,0.378693,call,0.0678,0.066176,0.489439,-0.714495
192.8375,83.7156,0.54775,0.016713,0.284328,call,110.0373,109.884934,2.303483,0.834423
122.3046,132.3001,0.117554,0.049539,0.183705,put,10.349,9.718471,0.924448,-0.078558
192.9808,94.4773,0.803854,0.047649,0.352741,call,94.0772,102.173818,2.042615,0.714231
74.5365,88.1891,0.704676,0.022124,0.259683,call,2.5893,2.497013,0.845189,-0.168195
133.1625,137.5537,0.159196,0.051835,0.556464,call,10.2517,10.354819,0.968076,-0.032444
81.1576,71.1641,1.280343,0.049715,0.367173,put,6.5651,6.274462,1.140429,0.131404
87.9777,119.7527,1.290645,0.064153,0.532982,call,13.4359,14.010273,0.734662,-0.308345
54.5082,150.6381,0.234521,0.03531,0.295091,call,0.01,0.0,0.361849,-1.016529
67.843,61.791,0.702379,0.027413,0.513719,call,14.8524,14.929012,1.097944,0.093439
187.5273,198.201,1.758331,0.076585,0.128268,put,6.0572,6.377381,0.946147,-0.055358
98.2299,125.9732,1.206117,0.049285,0.24906,call,3.9812,4.254183,0.779769,-0.248758
141.2194,179.3198,0.882752,0.0119,0.139088,put,35.5014,36.562745,0.787528,-0.238856
119.7521,151.1639,0.983694,0.06745,0.115825,put,22.3417,22.197428,0.7922,-0.232941
110.0677,160.7002,0.495732,0.023773,0.559431,put,51.6014,53.631479,0.684926,-0.378445
129.7829,161.7423,1.642575,0.065023,0.458434,call,24.1669,24.572581,0.802406,-0.220141
78.0858,188.767,1.836609,0.059361,0.412555,call,2.1511,2.376055,0.413663,-0.882705
198.2906,144.3129,1.830262,0.077817,0.366246,put,7.1597,7.295055,1.374032,0.31775
172.7462,87.2969,0.525475,0.077591,0.384777,put,0.0529,0.04981,1.978835,0.682508
161.2422,56.9166,0.690407,0.029209,0.419345,put,0.0113,0.010568,2.832954,1.04132
120.3139,143.0626,0.405183,0.063651,0.51329,put,27.9512,28.073274,0.840988,-0.173178
72.9316,51.28,0.683682,0.03218,0.398444,call,24.3221,24.029242,1.422223,0.352221
188.0999,81.0199,0.73233,0.054044,0.47429,put,0.2441,0.25512,2.321651,0.842278
101.2081,50.3202,1.302901,0.051842,0.240489,put,0.0167,0.014706,2.01128,0.698771
57.516,133.3109,0.460328,0.013818,0.588381,call,0.2528,0.22816,0.431443,-0.840621
101.3606,67.2575,1.846854,0.010363,0.115949,put,0.0128,0.012576,1.507052,0.410156
169.1686,143.7692,0.295889,0.014043,0.293288,call,31.4995,27.88602,1.176667,0.162686
143.4063,174.4471,0.113068,0.018956,0.541025,call,2.034,2.105979,0.822062,-0.195939
162.6258,179.7197,1.724396,0.028036,0.190261,call,11.8489,12.640211,0.904886,-0.099947
169.0453,92.6224,1.437163,0.073487,0.170669,call,82.6665,85.707838,1.825102,0.601636
81.7932,133.3223,0.775184,0.046304,0.282715,put,46.6563,47.174117,0.6135,-0.488575
188.5675,135.7118,1.231449,0.065782,0.314097,call,74.2316,66.538408,1.38947,0.328922
115.6984,120.3908,0.524734,0.068682,0.566697,call,18.3738,18.635957,0.961024,-0.039756
145.852,151.3694,0.41994,0.061446,0.51806,put,19.5183,20.395336,0.963551,-0.03713
50.3463,75.7148,0.995183,0.037397,0.332045,call,1.2538,1.313268,0.664947,-0.408048
199.0053,206.4714,0.771057,0.07047,0.586488,call,44.2227,41.837344,0.96384,-0.03683
92.1345,56.6736,1.268937,0.061943,0.421139,call,43.6717,41.59698,1.625704,0.485941
59.3095,180.9676,0.514483,0.062021,0.536829,call,0.0271,0.028035,0.327735,-1.115549
118.7393,140.9963,1.359563,0.07311,0.223028,put,16.0311,17.691242,0.842145,-0.171803
69.3545,81.6253,1.557037,0.051906,0.344482,call,9.0206,9.560652,0.849669,-0.162908
72.849,166.7648,0.416609,0.047,0.114859,call,0.01,0.0,0.436837,-0.828195
144.8424,54.3618,0.183331,0.072311,0.10444,call,94.3378,91.196582,2.664418,0.979986
108.9391,171.651,0.935216,0.041812,0.452727,put,61.634,61.432918,0.634655,-0.454674
188.2779,140.2975,1.570646,0.06681,0.159147,call,68.0303,62.215858,1.34199,0.294154
97.8735,58.8276,1.336482,0.013769,0.373904,call,45.9377,41.839926,1.663735,0.509065
158.927,53.5159,1.433575,0.01009,0.448004,put,0.3476,0.348223,2.969713,1.088465
119.1649,167.6422,0.865395,0.04698,0.116117,call,0.012,0.012021,0.710829,-0.341323
148.9927,89.7991,0.546397,0.015153,0.324371,call,58.3412,60.090207,1.659178,0.506322
139.9543,191.1813,1.11038,0.078358,0.442076,call,14.4121,14.620324,0.73205,-0.311906
120.9176,169.5524,0.488295,0.010385,0.544865,call,5.2368,5.658044,0.713158,-0.338053
192.5092,158.6923,1.479835,0.06027,0.249615,put,4.4324,4.790106,1.213097,0.193176
101.407,87.363,0.474236,0.027037,0.587108,call,21.7311,23.780193,1.160755,0.14907
76.5853,160.5206,0.6534,0.077729,0.522271,call,1.0186,0.965687,0.477106,-0.740017
151.7141,201.1851,1.062435,0.036708,0.425318,call,12.4038,13.455036,0.754102,-0.282228
176.9011,55.5652,1.024749,0.01191,0.295963,put,0.01,0.000316,3.183669,1.158034
56.0381,95.4476,1.241614,0.011886,0.455555,put,39.4119,40.906157,0.587108,-0.532547
117.4449,79.8943,0.931145,0.048736,0.508097,call,49.8427,45.858225,1.470004,0.385265
183.8732,106.8525,1.846999,0.07907,0.25165,put,0.3534,0.36011,1.720812,0.542797
162.4428,166.1966,1.695875,0.078584,0.596415,call,51.1227,55.467039,0.977414,-0.022845
198.7712,120.6212,1.770316,0.033609,0.55431,call,105.2562,98.906879,1.647895,0.499499
129.7121,137.0242,1.296081,0.043789,0.342751,call,21.5844,20.169959,0.946636,-0.05484
148.9994,93.4063,1.306515,0.017032,0.461415,put,5.4873,5.748164,1.595174,0.466983
95.372,64.0192,1.257477,0.046552,0.362004,call,36.3594,36.972696,1.489742,0.398603
192.1303,85.3787,0.92628,0.051979,0.480465,put,0.6655,0.697568,2.250331,0.811077
104.9503,186.1457,0.712001,0.027574,0.513491,call,2.8022,2.819259,0.563808,-0.573042
160.7766,142.4109,1.224805,0.052848,0.111611,put,0.5252,0.522338,1.128963,0.121299
110.471,104.2581,0.14851,0.072978,0.139566,call,7.4769,7.610741,1.059592,0.057884
134.2728,174.284,0.114167,0.010067,0.268234,put,36.1972,39.819442,0.770425,-0.260812
157.9674,50.9578,1.718119,0.026025,0.558807,put,1.3616,1.402659,3.099967,1.131391
126.3401,83.1615,0.188206,0.024694,0.299137,call,45.0991,43.566218,1.519214,0.418193
186.0629,79.1175,1.097111,0.018672,0.543756,call,109.1832,110.335784,2.351728,0.855151
112.8951,207.512,1.268477,0.021627,0.331217,call,1.4016,1.425064,0.544042,-0.60873
147.0608,160.0368,0.476525,0.053814,0.244426,call,6.043,6.338397,0.918919,-0.084558
101.3544,145.0236,1.801889,0.017189,0.550323,call,17.8542,18.416275,0.698882,-0.358274
111.2235,40.8474,0.461182,0.061697,0.380335,put,0.01,0.000128,2.7229,1.001697
116.0075,71.3327,1.780578,0.072092,0.280242,call,50.854,53.927832,1.626288,0.4863
68.8711,148.042,1.549682,0.074861,0.122204,call,0.01,3e-05,0.465213,-0.76526
63.7586,104.5523,0.557412,0.056212,0.155467,call,0.01,6.9e-05,0.609825,-0.494584
150.1235,197.1277,0.386414,0.023818,0.169655,put,45.7887,45.23488,0.761555,-0.272393
148.3277,170.0031,0.700842,0.015971,0.282418,call,6.767,7.024559,0.8725,-0.136393
149.4365,116.0553,0.856106,0.026242,0.403666,put,6.3453,6.459055,1.287632,0.252805
52.965,167.4175,0.566991,0.077337,0.253795,call,0.01,0.0,0.316364,-1.15086
98.982,205.8187,1.997894,0.077364,0.132764,call,0.01,0.007162,0.480918,-0.732058
79.6715,118.3667,0.536339,0.036734,0.232404,call,0.0789,0.077473,0.67309,-0.395876
166.7227,149.2294,1.678206,0.032805,0.304341,put,13.6924,13.38602,1.117224,0.110847
179.0946,196.173,0.402324,0.045701,0.596135,put,38.9452,35.128007,0.912942,-0.091083
87.0021,82.2747,1.962465,0.030418,0.296493,put,9.4266,9.297124,1.057458,0.055868
150.1774,190.7148,0.528495,0.078576,0.144598,put,29.8288,32.983392,0.787445,-0.238962
69.4044,56.5826,0.901208,0.025485,0.390557,put,3.9781,3.758915,1.226604,0.204249
91.2729,150.2362,1.161272,0.03584,0.55982,call,8.6428,8.731879,0.607529,-0.498355
70.7982,173.0825,0.328543,0.040056,0.493348,put,110.0928,100.029263,0.409043,-0.893935
92.5281,144.4831,1.651958,0.018754,0.518109,put,63.8809,59.503872,0.640408,-0.44565
151.2105,124.2409,0.621903,0.036798,0.564116,call,40.6304,41.683743,1.217075,0.19645
186.549,144.949,1.143613,0.069971,0.418272,put,9.5826,9.248388,1.286998,0.252312
80.3784,65.7828,1.144304,0.019825,0.597461,put,10.8206,11.152044,1.221874,0.200386
131.3119,76.647,1.245017,0.050882,0.116641,call,59.3777,59.369708,1.713202,0.538364
155.2087,85.8829,0.205423,0.038465,0.51742,put,0.0468,0.044955,1.807213,0.591786
192.9384,141.6225,0.420376,0.021938,0.528505,put,5.613,5.316569,1.362343,0.309206
141.5091,115.1232,0.406265,0.010864,0.55835,call,36.1169,34.56912,1.229197,0.206361
88.266,81.5609,0.673897,0.029134,0.339085,put,5.7619,5.7403,1.08221,0.079006
143.8217,190.0776,0.375337,0.014328,0.493878,put,56.409,50.17716,0.756647,-0.278858
98.0737,103.5667,1.851651,0.036374,0.19754,put,9.625,9.804123,0.946961,-0.054497
196.4193,115.8254,1.074613,0.066715,0.401565,put,1.8357,1.99698,1.695822,0.528168
109.9514,109.6492,1.284793,0.060378,0.279323,call,16.6902,17.961362,1.002756,0.002753
152.8142,70.9303,0.779228,0.076317,0.398087,put,0.1185,0.109685,2.154427,0.767525
53.4841,164.3766,0.624868,0.039891,0.43778,put,106.4427,106.852231,0.325376,-1.122775
110.0092,116.2379,1.056037,0.059546,0.273534,put,11.9192,11.825036,0.946414,-0.055075
181.2661,42.7637,0.659214,0.056574,0.208119,call,136.2681,140.067903,4.238784,1.444277
141.5341,203.8823,0.752927,0.025193,0.260844,put,58.2089,59.557242,0.694195,-0.365002
116.5914,178.6798,0.960227,0.031251,0.431979,call,5.3416,5.560838,0.652516,-0.42692
190.3906,163.0051,1.060894,0.047088,0.438437,put,16.6416,16.258383,1.168004,0.155296
178.0977,187.7456,1.970197,0.065766,0.470658,call,51.0179,51.267531,0.948612,-0.052756
98.3324,194.1572,0.524313,0.042327,0.163268,put,93.5552,91.563501,0.506457,-0.680315
131.6823,97.3733,1.027155,0.025942,0.509259,put,9.1511,8.998164,1.352345,0.30184
123.4736,143.863,0.384072,0.079543,0.444074,call,7.584,7.749203,0.858273,-0.152834
144.8304,143.4973,0.764999,0.018091,0.115253,put,3.9421,4.253006,1.00929,0.009247
100.1167,85.4409,1.46289,0.076912,0.267799,call,24.8498,26.932139,1.171765,0.158511
86.6308,77.7319,0.431478,0.066633,0.333356,call,16.0678,13.954478,1.114482,0.108389
186.9008,59.3642,1.204567,0.068723,0.280309,call,142.0285,132.253088,3.148373,1.146886
188.5812,152.0834,0.891732,0.065644,0.158708,put,0.3517,0.328943,1.239985,0.215099
176.4984,172.7562,0.198001,0.024572,0.203673,call,8.551,8.849801,1.021662,0.02143
196.7307,169.362,1.872843,0.054281,0.112281,put,0.5673,0.566994,1.161599,0.149797
161.7487,93.7668,0.885846,0.062972,0.146539,call,70.0901,73.0694,1.72501,0.545233
164.7001,74.8942,1.58946,0.062198,0.23315,call,90.5114,96.866885,2.199104,0.78805
164.3885,117.1144,0.890996,0.02901,0.509985,call,56.9224,58.649204,1.403657,0.339081
122.0911,132.9583,1.880985,0.022678,0.363319,call,23.4326,21.97481,0.918267,-0.085268
118.4678,196.2448,0.651894,0.032969,0.312249,call,0.4172,0.399976,0.603674,-0.504721
86.0339,188.7199,0.883238,0.043589,0.431081,call,0.6053,0.63667,0.455882,-0.785522
146.7229,195.7299,1.541842,0.050165,0.370755,put,49.2858,50.074125,0.749619,-0.28819
93.398,184.5446,0.752968,0.068587,0.165757,call,0.01,2.3e-05,0.5061,-0.681021
88.6713,203.9788,0.792278,0.063832,0.211312,put,102.2433,105.248311,0.434708,-0.83308
137.8942,119.135,1.990164,0.057331,0.211261,put,3.7927,3.777641,1.157462,0.146229
111.4974,48.0705,1.155668,0.028444,0.399976,call,66.5281,65.217493,2.319455,0.841332
82.8285,54.2055,1.409823,0.043522,0.330812,put,1.339,1.313097,1.528045,0.423989
172.4084,106.3469,1.322578,0.033481,0.293793,call,72.7078,71.795343,1.621188,0.483159
179.0855,83.8068,1.673056,0.026445,0.37832,put,1.1661,1.20585,2.136885,0.759349
75.1549,68.8899,1.737468,0.010717,0.585058,put,17.3612,17.8533,1.090943,0.087042
51.1261,202.0446,1.170187,0.033762,0.257097,call,0.01,4e-06,0.253043,-1.374194
100.4195,73.2213,0.659657,0.027928,0.360098,put,1.4319,1.554019,1.371451,0.31587
169.6266,203.0945,0.14332,0.050033,0.340185,call,0.9828,0.988502,0.83521,-0.180072
175.8761,169.3426,1.267366,0.014361,0.458322,call,41.4493,39.823578,1.038581,0.037856
70.7494,148.9608,1.668391,0.028936,0.465145,call,3.3175,3.564192,0.474953,-0.744539
166.1504,154.9232,0.956026,0.013134,0.464535,put,22.8591,22.551164,1.072469,0.069964
67.3556,96.3506,0.412942,0.054899,0.20076,call,0.016,0.015048,0.699068,-0.358008
108.5094,149.8926,0.647356,0.049773,0.324547,put,35.2412,38.805917,0.723914,-0.323082
199.7914,71.7377,1.068979,0.033624,0.505587,put,0.4644,0.470914,2.785028,1.024258
78.8886,199.4099,1.689694,0.020313,0.290765,put,123.3114,113.932697,0.39561,-0.927326
73.0945,91.3049,0.426331,0.077054,0.592128,put,22.0309,21.439017,0.800555,-0.22245
113.42,83.3817,1.263085,0.050907,0.282393,call,33.531,36.991476,1.360251,0.307669
142.9503,160.8977,1.5314,0.057538,0.348833,put,27.9411,27.05037,0.888455,-0.118272
189.9351,151.5963,1.87849,0.047194,0.337263,put,10.5238,10.93296,1.252901,0.225462
197.1232,116.7208,0.321737,0.066457,0.316832,call,85.7458,82.880635,1.688843,0.524044
60.4461,147.5159,1.860144,0.072747,0.522816,put,70.3554,72.870015,0.40976,-0.892184
70.6996,67.1138,1.242788,0.03679,0.177638,put,2.6494,2.656471,1.053429,0.05205
168.6107,154.4658,1.556733,0.058302,0.383832,put,17.0232,17.493605,1.091573,0.08762
90.5948,86.0038,0.202172,0.026092,0.409301,put,4.2454,4.244734,1.053381,0.052005
182.7274,86.3821,1.061681,0.05563,0.525611,call,100.2896,103.217575,2.115338,0.749215
149.518,67.5706,1.282996,0.037941,0.4046,call,84.769,85.727238,2.212767,0.794244
66.7767,96.5041,0.682984,0.010475,0.58001,call,4.6287,4.918415,0.691957,-0.368231
174.8794,96.3127,0.920135,0.076887,0.536084,call,90.1865,88.026654,1.815746,0.596497
76.4535,117.2104,1.153166,0.070791,0.27437,put,33.4346,33.144052,0.652275,-0.427289
113.5243,72.3713,1.149841,0.030359,0.529953,call,45.069,49.03302,1.568637,0.450207
132.8277,72.8113,0.179537,0.079843,0.579239,put,0.0494,0.046576,1.824274,0.601182
125.1149,132.0956,0.935015,0.032199,0.228599,put,12.631,12.743435,0.947155,-0.054293
152.9244,61.9092,0.506254,0.042119,0.405104,put,0.01,0.004886,2.470142,0.904276
147.903,157.1125,1.841721,0.069588,0.240902,put,14.6651,14.124768,0.941383,-0.060405
198.8063,200.471,1.955502,0.031322,0.424784,call,51.359,50.529507,0.991696,-0.008339
199.9133,112.5553,0.669329,0.041538,0.146821,put,0.01,1e-06,1.776135,0.574439
127.4689,193.1879,0.432852,0.056591,0.467094,put,62.3919,63.320607,0.659818,-0.415791
64.2799,56.7138,0.517058,0.019133,0.30991,put,2.3434,2.227628,1.133407,0.125228
159.1765,47.3028,1.007729,0.039565,0.393654,call,114.4284,113.729374,3.365055,1.213444
196.4996,162.6327,1.761561,0.031659,0.112931,call,44.3437,43.245832,1.208242,0.189166
97.749,169.3737,1.050069,0.057374,0.447721,call,4.2078,4.124353,0.57712,-0.549705
119.1813,183.3199,0.205245,0.019518,0.347996,call,0.0262,0.02413,0.650128,-0.430587
113.7165,49.659,0.175783,0.026291,0.412626,call,66.6057,64.286507,2.289948,0.828529
57.7129,172.0742,0.532043,0.059796,0.257834,put,106.5594,108.973087,0.335395,-1.092446
150.8397,104.0116,1.701265,0.020936,0.17291,put,0.3755,0.388219,1.45022,0.371715
103.0007,91.5674,1.280813,0.039541,0.317714,put,7.0013,7.018834,1.124862,0.11766
168.1196,69.4141,1.16962,0.059902,0.57199,put,1.5904,1.653635,2.421981,0.884586
174.818,209.3227,0.706042,0.063583,0.213897,call,4.1496,4.380635,0.83516,-0.180131
173.1846,50.8228,1.865908,0.016642,0.43792,put,0.3059,0.343534,3.407616,1.226013
112.4999,180.5914,0.729239,0.06964,0.124922,put,54.5668,59.149426,0.622953,-0.473284
98.2319,148.7141,1.686394,0.060678,0.45905,call,14.0118,12.745571,0.660542,-0.414695
162.3231,164.9637,1.802217,0.033751,0.219219,put,14.7386,15.239162,0.983993,-0.016136
170.2084,160.9919,1.018337,0.063466,0.325759,put,13.8987,12.690014,1.057248,0.05567
123.6886,185.9339,1.79915,0.060981,0.283877,put,50.6313,49.630626,0.665229,-0.407624
183.9547,71.2447,0.625926,0.052062,0.15642,call,114.7081,114.994245,2.582013,0.94857
71.5863,40.1402,1.351024,0.049094,0.272791,put,0.116,0.126216,1.783407,0.578526
181.8603,141.7498,0.267131,0.061429,0.275062,put,0.2713,0.271214,1.282967,0.249175
64.4143,100.156,1.000475,0.079948,0.361053,put,33.2086,30.337449,0.64314,-0.441393
73.0288,61.0438,0.51293,0.050499,0.586176,call,20.5389,19.054122,1.196334,0.179262
130.076,71.6436,0.21925,0.06661,0.335009,put,0.01,0.00017,1.815599,0.596415
60.1278,96.3974,0.107078,0.062099,0.557213,put,33.6059,35.654223,0.623749,-0.472007
57.9211,51.9397,0.717029,0.069907,0.330779,call,10.6328,11.16771,1.11516,0.108998
50.0778,49.6752,1.220108,0.076817,0.153772,call,5.9441,6.209233,1.008104,0.008071
115.4475,195.7245,0.964938,0.023516,0.215076,put,80.8289,75.973035,0.589847,-0.527892
166.1936,93.0575,0.673362,0.021582,0.303759,put,0.095,0.087041,1.785924,0.579936
55.2258,206.9792,1.98328,0.051045,0.262684,put,133.1216,131.830244,0.266818,-1.321189
147.8386,203.9424,1.885098,0.041451,0.532915,call,29.6932,30.150266,0.724904,-0.321716
173.4691,64.2371,0.338741,0.049951,0.439323,put,0.01,0.000235,2.70045,0.993418
75.2001,161.5371,0.888704,0.065863,0.389154,call,0.3817,0.401841,0.465528,-0.764582
72.0296,142.1368,1.332809,0.07522,0.345615,call,1.2391,1.235862,0.506762,-0.679714
179.1201,157.41,1.493633,0.039219,0.298635,call,43.0502,42.075986,1.137921,0.129203
173.4687,56.3525,0.796107,0.060255,0.406096,put,0.01,0.005596,3.07828,1.124371
130.8413,72.0552,1.517935,0.023776,0.162304,call,59.3934,61.344203,1.815847,0.596552
172.88,53.0286,0.335885,0.047419,0.181267,call,116.3819,120.689316,3.260129,1.181767
63.9134,142.7028,0.730444,0.011526,0.251558,call,0.01,0.000534,0.447878,-0.803235
109.1722,207.7205,1.461223,0.045263,0.185592,put,93.4726,85.306301,0.525573,-0.643267
160.6696,154.2374,1.288797,0.048174,0.438549,call,38.7464,38.525238,1.041704,0.040858
88.6178,160.8295,1.690699,0.061481,0.112384,call,0.01,0.001625,0.551005,-0.596012
162.8493,207.3795,0.189028,0.055464,0.180089,call,0.01,0.00644,0.785272,-0.241725
125.6268,155.262,0.431344,0.035088,0.551304,call,9.1968,9.19596,0.809128,-0.211798
162.5399,46.8309,0.19214,0.010401,0.598772,call,112.6164,115.802532,3.470786,1.244381
119.7019,187.391,0.465017,0.018084,0.343795,put,66.2062,66.529012,0.638782,-0.448192
105.1857,101.9953,0.108137,0.078114,0.347685,call,7.1459,7.001077,1.031279,0.0308
82.8784,40.7418,1.058,0.074563,0.486699,call,44.9686,45.899,2.034234,0.710119
81.2569,126.2298,1.103797,0.032757,0.118095,call,0.01,0.001832,0.643722,-0.440488
162.7236,199.2926,1.349994,0.02812,0.313511,put,42.3411,42.737439,0.816506,-0.202721
67.8366,83.7462,0.831334,0.040549,0.149914,put,13.3832,13.599253,0.810025,-0.21069
62.8974,123.5572,0.106095,0.058296,0.300463,call,0.01,0.0,0.509054,-0.6752
76.4437,69.5421,1.380393,0.034978,0.591911,call,25.8344,24.885609,1.099244,0.094623
76.302,49.8078,0.203153,0.014711,0.476817,put,0.1014,0.112248,1.53193,0.426528
173.4661,53.6926,1.745724,0.038196,0.592523,put,1.8029,1.670599,3.230725,1.172706
109.776,163.5919,0.143043,0.028241,0.473024,call,0.115,0.114149,0.671036,-0.398933
198.5583,186.8927,1.107903,0.032745,0.404055,call,43.1433,41.866061,1.062419,0.060548
70.5817,64.3608,1.800344,0.021407,0.47711,put,13.1018,12.643074,1.096656,0.092266
148.031,89.0142,1.18773,0.056119,0.429546,put,2.601,2.696793,1.663005,0.508626
117.3094,73.155,1.255992,0.046864,0.332033,put,1.0888,1.141404,1.603573,0.472235
108.9377,44.5655,1.395061,0.02896,0.246273,put,0.01,0.00349,2.444442,0.893817
181.2626,134.0833,0.332577,0.04877,0.360089,call,49.5915,50.211895,1.351865,0.301485
196.3393,158.9868,1.382361,0.04449,0.229247,call,52.3495,50.580873,1.234941,0.211024
180.9288,150.1392,1.772674,0.065718,0.343338,call,56.2616,57.953419,1.205074,0.186541
78.8451,105.9691,1.95102,0.076919,0.173068,call,3.536,3.431376,0.744039,-0.295662
83.1197,134.3517,0.941799,0.019147,0.382698,put,44.7831,50.798677,0.618672,-0.48018
148.4111,55.9969,0.754559,0.071874,0.222642,put,0.01,0.0,2.650345,0.97469
93.3625,66.2316,1.531288,0.059336,0.246804,put,0.8425,0.79551,1.409637,0.343332
160.2088,198.4051,1.131461,0.058479,0.349514,put,39.867,40.210821,0.807483,-0.213833
134.9631,169.4563,0.588879,0.036201,0.181263,call,0.6063,0.632957,0.796448,-0.227594
132.6363,196.8656,0.4271,0.034074,0.58119,put,64.2097,66.390459,0.67374,-0.394911
174.282,195.8356,0.423438,0.010395,0.323472,call,6.1642,7.265747,0.88994,-0.116601
156.5799,150.3967,0.972436,0.078754,0.27614,put,8.3822,8.829343,1.041112,0.04029
53.9867,197.8006,0.423236,0.052455,0.114598,put,146.8442,139.470916,0.272935,-1.298522
57.4189,110.8397,0.137466,0.038163,0.521627,put,51.3027,52.842343,0.518035,-0.657712
140.2338,40.6148,0.198969,0.048064,0.412917,call,97.6825,100.005562,3.452778,1.239179
122.9288,50.6371,1.866781,0.012837,0.308203,call,65.0758,73.665684,2.427644,0.886921
89.0277,58.6128,0.238627,0.022156,0.222766,call,28.2179,30.724007,1.518911,0.417994
112.7984,56.2101,0.239043,0.053635,0.472569,put,0.01,0.005412,2.006729,0.696506
163.6865,99.7894,0.957258,0.045998,0.572737,call,76.6124,74.318299,1.64032,0.494891
173.9917,159.216,0.565691,0.065095,0.290405,call,25.0436,26.781666,1.092803,0.088746
134.1835,174.4103,1.929118,0.056112,0.167438,put,26.5814,27.447093,0.769355,-0.262203
107.8054,140.3363,1.830873,0.0521,0.154597,put,22.645,22.678139,0.768194,-0.263713
90.6045,64.8941,0.869012,0.067069,0.103181,put,0.01,3.6e-05,1.396189,0.333747
128.2878,167.1433,0.95259,0.014778,0.471978,put,43.8326,48.715216,0.767532,-0.264575
97.2124,100.3163,0.812716,0.058362,0.590698,call,20.8618,21.029295,0.969059,-0.03143
134.6143,42.2089,0.171946,0.060091,0.596409,put,0.01,4e-06,3.189241,1.159783
151.4979,87.7001,0.656409,0.029261,0.492099,call,69.0275,67.043214,1.727454,0.546649
59.9119,96.2021,0.33308,0.023695,0.181092,call,0.01,7e-06,0.622771,-0.473576
50.1601,86.6217,0.294504,0.02497,0.588855,put,33.4055,36.219698,0.579071,-0.546331
81.8416,178.0179,1.165637,0.02387,0.263907,call,0.0449,0.044766,0.459738,-0.777099
184.1767,169.1875,0.287653,0.046665,0.26681,put,3.61,3.659243,1.088595,0.084888
146.9436,158.2438,0.29557,0.019494,0.443668,put,20.2901,20.379038,0.92859,-0.074088
75.7941,63.6309,1.012976,0.05615,0.124525,put,0.1051,0.10635,1.191152,0.174921
183.5396,177.3318,0.940336,0.017355,0.512885,put,29.776,30.793167,1.035007,0.034408
120.4934,155.1199,0.361506,0.011882,0.598649,put,34.841,41.03411,0.776776,-0.252604
121.4138,73.1224,0.108453,0.03235,0.487535,call,51.3714,48.55046,1.660418,0.507069
190.3313,150.176,0.466651,0.02343,0.490838,call,50.0733,49.260329,1.267388,0.236958
58.923,122.197,0.548195,0.079206,0.295157,call,0.01,0.004186,0.482197,-0.729403
82.2767,114.6895,1.620472,0.03121,0.132961,put,27.7168,27.07602,0.717387,-0.33214
137.8657,59.0609,1.839333,0.025544,0.496334,call,82.0778,83.955667,2.334296,0.84771
79.323,128.1117,0.871294,0.023774,0.398579,put,47.0782,48.085749,0.61917,-0.479375
151.9291,56.9884,0.869551,0.03617,0.554669,call,93.4122,97.144972,2.665964,0.980566
82.1138,67.9231,1.453714,0.052409,0.157981,call,20.2069,19.678363,1.208924,0.189731
64.8735,62.5329,1.291152,0.064736,0.252562,call,10.809,11.25973,1.037431,0.036748
81.0478,202.1984,0.449866,0.03552,0.280328,put,111.4764,117.945305,0.400833,-0.914211
113.4101,88.427,0.304609,0.053818,0.44164,call,29.7048,28.113376,1.282528,0.248833
76.4207,100.3847,0.931463,0.043744,0.493873,call,8.069,8.141943,0.761279,-0.272756
70.2038,94.7537,1.173174,0.069255,0.58051,put,28.9241,29.13909,0.740908,-0.299878
179.0423,192.7026,0.363544,0.049833,0.247704,call,6.8345,6.605449,0.929112,-0.073526
98.0596,135.7042,0.65722,0.030292,0.346818,put,35.9829,37.225826,0.722598,-0.324902
104.1138,196.2572,0.681292,0.059251,0.11448,call,0.01,0.0,0.530497,-0.633941
58.2906,90.9872,0.596467,0.067405,0.226494,call,0.0443,0.04352,0.640645,-0.445279
103.6054,59.5219,0.975446,0.042581,0.287002,call,43.0488,46.644359,1.740627,0.554246
89.7211,134.5571,1.340821,0.079104,0.396903,put,39.0424,38.615439,0.666788,-0.405283
141.5728,98.7413,1.067841,0.071537,0.335423,put,1.861,1.934518,1.433775,0.360311
80.8085,176.3242,0.482767,0.023787,0.282238,put,97.5025,93.502614,0.458295,-0.780241
183.2548,189.502,0.295584,0.065073,0.412039,put,18.2998,17.812619,0.967034,-0.033522
189.45,120.3375,1.661554,0.052067,0.514308,call,91.8117,89.947113,1.574322,0.453825
64.9747,205.131,1.010679,0.047437,0.220841,put,120.0632,130.553736,0.316747,-1.149652
66.1104,134.0122,0.218064,0.045976,0.271438,call,0.01,0.0,0.493317,-0.706604
67.299,86.0565,0.590431,0.069739,0.452462,put,18.5423,19.702698,0.782033,-0.245859
142.9354,123.1258,1.627664,0.052761,0.48897,put,18.4489,18.482968,1.160889,0.149186
68.2953,46.3427,1.52828,0.047639,0.512698,put,4.0326,4.561845,1.473701,0.387777
177.8573,176.6802,1.764052,0.01342,0.204666,put,15.1386,16.403045,1.006663,0.006641
163.1407,57.244,1.243967,0.041381,0.369633,put,0.0486,0.045279,2.84992,1.047291
172.9713,92.4872,0.903521,0.073563,0.550006,put,2.748,2.698062,1.870218,0.626055
128.9091,136.1038,0.910606,0.059822,0.295975,put,14.209,14.465099,0.947138,-0.054311
199.5016,47.3058,0.4686,0.013567,0.314942,put,0.01,0.0,4.217278,1.43919
56.6263,53.4839,1.336518,0.071879,0.592411,call,17.4535,18.45456,1.058754,0.057093
110.1897,158.3398,1.211631,0.067867,0.156526,call,0.4798,0.474976,0.695907,-0.362539
98.5905,52.2021,0.394242,0.048268,0.452801,call,46.6297,47.445006,1.888631,0.635852
192.2968,121.1041,1.78276,0.011568,0.525092,put,16.0464,14.893832,1.587864,0.46239
136.5291,97.5783,0.80009,0.04937,0.175397,put,0.0487,0.049251,1.399176,0.335883
170.9286,78.7735,0.194504,0.013821,0.457227,put,0.01,0.000313,2.169875,0.77467
75.5512,72.0924,0.722974,0.032427,0.334869,call,10.3065,11.076141,1.047977,0.046861
196.7951,169.7799,1.752728,0.054024,0.526445,call,70.4759,71.770473,1.159119,0.14766
124.7959,201.7622,1.842218,0.073904,0.553726,put,74.645,73.990128,0.61853,-0.48041
124.0508,63.8306,1.031757,0.035046,0.536242,put,2.1343,2.174979,1.943439,0.664459
195.6327,203.1458,1.917046,0.070202,0.132193,put,6.273,6.429336,0.963016,-0.037685
107.1099,141.1096,1.762959,0.074285,0.478428,put,38.4481,37.829622,0.759054,-0.275682
109.6288,149.0823,1.667938,0.011473,0.560764,call,22.0996,20.542868,0.735357,-0.307399
137.7129,160.6875,1.733449,0.02676,0.410674,put,39.7513,39.465138,0.857023,-0.15429
69.2079,159.7002,0.825563,0.05969,0.400438,put,87.763,83.013308,0.433361,-0.836183
98.1628,179.3679,1.537291,0.062979,0.122503,put,66.6653,64.655505,0.547271,-0.602811
78.9812,122.1897,1.196944,0.037469,0.528017,put,48.3805,45.891784,0.646382,-0.436364
65.4925,130.671,1.4674,0.055973,0.123202,put,53.2016,54.874846,0.501202,-0.690746
179.9217,95.0506,0.437794,0.052851,0.256755,put,0.01,0.000251,1.892905,0.638112
138.3997,57.8938,1.489648,0.061784,0.562932,put,2.0336,2.054579,2.390579,0.871536
103.8009,152.9888,1.919426,0.060306,0.574873,put,56.9224,55.40866,0.678487,-0.38789
111.3004,45.7137,0.67506,0.016011,0.59595,call,69.1526,66.516763,2.434728,0.889835
114.7279,86.858,1.973707,0.021078,0.338201,call,38.483,38.243856,1.320867,0.278289
144.9724,56.0191,0.818914,0.019291,0.188715,put,0.01,0.0,2.587911,0.950851
189.0154,72.4236,0.479475,0.075274,0.343972,call,115.8026,119.159168,2.609859,0.959296
189.9169,148.5843,0.313344,0.073948,0.151156,put,0.01,0.002858,1.278177,0.245435
108.7238,146.841,1.591428,0.065819,0.536268,call,22.5104,21.421876,0.740418,-0.30054
99.3894,111.5793,1.154168,0.01817,0.380269,call,12.8138,12.393661,0.890751,-0.115691
117.657,55.3292,0.683549,0.050199,0.302253,put,0.01,0.004282,2.126488,0.754472
135.1901,113.6736,1.256056,0.023106,0.139765,put,0.9164,0.884449,1.189284,0.173351
119.2727,99.9666,0.730992,0.035787,0.30262,call,24.1883,25.320563,1.193125,0.176576
148.813,162.4781,0.95188,0.028696,0.533096,put,36.6982,36.337736,0.915896,-0.087852
133.1599,138.4345,1.739062,0.068025,0.451703,put,25.5431,25.164829,0.961898,-0.038847
98.1073,123.5662,1.369516,0.020112,0.141228,call,0.8822,0.945705,0.793966,-0.230715
101.8596,122.787,1.548563,0.055233,0.179954,put,16.3325,15.953729,0.829564,-0.186855
106.7889,204.2705,1.208638,0.078873,0.296154,call,0.7791,0.831639,0.522782,-0.648591
64.196,168.57,1.983656,0.058094,0.150688,call,0.01,0.000144,0.380827,-0.965411
74.9094,124.4865,0.558679,0.015546,0.567021,call,2.3606,2.355872,0.601747,-0.507918
158.4671,121.4678,0.598353,0.073549,0.426146,call,44.6715,46.365928,1.304601,0.265897
108.3645,44.5014,0.275862,0.055016,0.147412,call,64.7998,64.533346,2.435078,0.889979
82.1808,200.2266,1.152637,0.041942,0.494029,call,1.553,1.547791,0.410439,-0.890527
134.4009,94.2596,1.265383,0.056178,0.284203,call,46.1007,48.072483,1.425859,0.354774
163.3309,83.5096,1.479327,0.071533,0.222435,call,90.7304,88.224654,1.955833,0.670816
88.6134,209.8995,0.737347,0.043399,0.384992,call,0.0812,0.084779,0.42217,-0.862346
174.0185,162.1772,0.123288,0.047193,0.106686,call,14.2993,12.83036,1.073014,0.070472
189.1257,48.0518,1.301236,0.041671,0.332699,call,142.8246,143.610798,3.935868,1.370132
139.6092,50.5205,1.997521,0.015081,0.521902,put,1.9247,2.045079,2.763415,1.016467
150.3421,44.3353,0.659644,0.065095,0.564029,call,102.5904,107.901522,3.391028,1.221133
57.8864,141.9352,0.449475,0.018849,0.271277,put,87.6059,82.851409,0.407837,-0.896888
191.828,52.166,0.635357,0.03762,0.421218,put,0.01,0.000292,3.677263,1.302169
108.8727,198.676,0.908289,0.037078,0.213412,put,77.5697,83.246782,0.547991,-0.601496
188.5851,199.2741,0.576735,0.029603,0.380107,call,19.3886,18.59442,0.94636,-0.055132
136.8466,132.8292,0.759224,0.038175,0.227014,call,14.5286,14.837083,1.030245,0.029797
50.6928,144.8286,1.312593,0.053261,0.385678,put,87.2851,84.523338,0.350019,-1.049767
55.7813,89.622,0.755553,0.031797,0.185861,put,33.2066,31.722259,0.622406,-0.474163
152.0628,50.8753,0.852512,0.022076,0.570616,put,0.2819,0.277919,2.98893,1.094916
134.4002,165.3683,0.176059,0.070856,0.543459,put,36.4933,32.588174,0.812733,-0.207353
53.9799,57.3036,1.844091,0.077958,0.268459,put,5.0375,5.513901,0.941998,-0.059753
161.519,54.5448,0.873083,0.042101,0.488331,call,104.5764,109.036094,2.961217,1.0856
177.8218,92.9079,0.723473,0.032891,0.147752,put,0.01,0.0,1.913957,0.649173
124.4626,42.1192,0.26432,0.013324,0.47018,put,0.01,1.2e-05,2.955012,1.083503
119.8636,113.7861,1.304948,0.01258,0.24123,put,9.9443,9.123231,1.053412,0.052035
50.821,160.3058,1.741267,0.037502,0.167821,call,0.01,2e-06,0.317025,-1.148774
167.9975,176.2293,0.178191,0.075117,0.439096,call,9.5014,9.894724,0.953289,-0.047837
99.6074,142.7322,0.376018,0.06115,0.334903,put,39.0218,40.390373,0.697862,-0.359734
181.8145,183.9686,0.378141,0.034449,0.36507,put,15.4573,16.125813,0.988291,-0.011778
105.9591,109.1054,1.244322,0.077763,0.360265,call,19.224,20.008148,0.971163,-0.029261
134.7617,184.2913,1.850338,0.040013,0.129724,put,40.2576,37.460903,0.731243,-0.313009
90.5513,126.1005,0.93176,0.029375,0.12569,call,0.0249,0.02528,0.718088,-0.331163
74.0882,77.9161,0.753232,0.039845,0.400584,call,9.5314,9.584929,0.950872,-0.050376
166.2362,200.5048,1.555097,0.024808,0.411932,call,25.4921,24.541465,0.829088,-0.187428
124.4886,86.745,1.510881,0.071995,0.123587,call,42.8041,46.688253,1.435109,0.361241
130.4732,44.4543,0.568837,0.035282,0.28922,put,0.01,1e-06,2.934999,1.076707
194.8124,81.2546,0.40557,0.056058,0.406426,put,0.01,0.002136,2.397556,0.87445
194.537,102.3369,0.779839,0.037233,0.42834,put,0.7771,0.788828,1.900947,0.642352
178.3463,99.7294,1.573646,0.073121,0.514138,put,5.4428,5.60754,1.788302,0.581266
78.1414,129.1935,1.42062,0.054967,0.310366,put,42.1614,43.550938,0.60484,-0.502791
139.1409,190.1316,1.365122,0.044178,0.374129,put,52.386,51.801564,0.731814,-0.312229
181.7221,89.6975,1.675914,0.01925,0.38928,call,97.9067,96.835477,2.025944,0.706036
106.1696,128.531,0.626548,0.073134,0.256023,put,19.5891,19.806872,0.826023,-0.191132
65.1659,97.8236,0.745399,0.048277,0.126913,call,0.01,0.000807,0.666157,-0.406229
171.6444,179.7014,0.180445,0.029954,0.102113,put,7.4668,7.806292,0.955165,-0.045872
122.2645,66.7923,1.750617,0.071455,0.518063,put,4.2621,4.121318,1.83052,0.6046
134.6589,57.5967,1.206616,0.013811,0.200116,put,0.01,0.000178,2.33796,0.849279
197.3216,125.5092,0.666432,0.031985,0.415127,call,74.5358,76.38321,1.572169,0.452456
141.0817,154.2209,0.231891,0.047578,0.388524,call,5.9075,6.152358,0.914803,-0.089047
113.7469,175.2393,1.474478,0.033787,0.299817,call,3.7066,3.752051,0.649095,-0.432177
105.4977,140.2362,1.522601,0.043371,0.516747,put,48.2896,44.158437,0.752285,-0.28464
112.6429,171.5545,1.365739,0.028502,0.449201,put,61.7384,61.934537,0.656601,-0.420678
67.7599,106.7607,0.487184,0.019106,0.111371,call,0.01,0.0,0.634689,-0.45462
169.2126,45.5875,1.835111,0.01258,0.488347,put,0.4667,0.445768,3.711819,1.311522
175.6575,59.7369,1.531,0.021035,0.353499,put,0.0745,0.076575,2.940521,1.078587
92.6596,46.5828,1.349737,0.076706,0.27351,put,0.0413,0.040544,1.989135,0.6877
95.5695,95.9204,1.336793,0.050278,0.463442,put,16.2505,16.758255,0.996341,-0.003665
181.1501,124.2335,1.81828,0.044227,0.443033,put,11.3893,10.703226,1.458142,0.377163
53.5956,100.574,1.863784,0.036903,0.255294,put,39.6434,40.850378,0.532897,-0.629427
128.0686,135.3019,1.231711,0.059589,0.591519,call,36.1956,33.830419,0.94654,-0.054942
119.5514,121.7036,0.891672,0.019888,0.424354,call,17.9828,18.978989,0.982316,-0.017842
153.519,155.2503,0.791095,0.029329,0.40289,put,20.4925,20.79726,0.988849,-0.011214
74.5088,153.3836,1.65625,0.055913,0.13494,put,69.8814,65.309038,0.485768,-0.722025
150.2496,94.0709,1.32475,0.043535,0.239659,call,62.3139,61.79419,1.597195,0.468249
106.5101,98.8565,0.246805,0.063906,0.323487,put,3.2621,2.92835,1.077422,0.074571
142.8072,139.4751,0.370153,0.072798,0.415313,call,17.5616,17.801311,1.02389,0.023609
56.0143,141.3935,1.810353,0.067636,0.356382,put,70.7443,69.846474,0.396159,-0.925941
119.2591,93.499,1.780546,0.022895,0.481516,call,47.6559,43.510224,1.275512,0.243348
128.3376,96.154,1.908482,0.016403,0.231284,call,35.1469,38.026124,1.334709,0.288713
82.149,157.9877,0.912917,0.021861,0.451078,put,68.1351,74.213036,0.519971,-0.653983
70.9435,150.0598,1.589716,0.064847,0.508299,call,4.7884,4.987158,0.472768,-0.74915
78.2711,62.9586,1.673628,0.073968,0.482525,call,31.2398,30.018584,1.243215,0.217701
101.6212,114.9771,0.699824,0.074781,0.485423,call,12.3781,13.462542,0.883838,-0.123481
64.5215,191.76,0.376142,0.030875,0.544254,put,128.7632,125.03048,0.33647,-1.089246
192.098,46.172,1.99435,0.068824,0.142089,put,0.01,0.0,4.160489,1.425633
110.7491,185.3779,0.157416,0.047536,0.448596,put,80.6429,73.262906,0.597424,-0.515129
171.3454,67.7403,1.234938,0.067595,0.584339,call,116.4739,110.687313,2.529447,0.928001
196.1626,126.2323,1.335403,0.048386,0.386825,put,4.4037,4.324808,1.553981,0.44082
62.1103,112.1372,1.3954,0.020213,0.208658,put,50.1797,46.985976,0.553878,-0.590811
147.7504,41.722,0.585693,0.015545,0.599377,call,109.3036,106.435444,3.541308,1.264496
180.7114,195.6175,1.471001,0.077005,0.187339,put,12.9248,13.229313,0.9238,-0.07926
145.1352,117.3373,0.511159,0.039806,0.267779,call,29.6942,31.497365,1.236906,0.212613
114.3539,202.2256,1.675173,0.034536,0.186031,put,74.5318,76.716044,0.565477,-0.570086
114.6615,88.7465,0.516322,0.034941,0.332256,call,28.9228,28.980863,1.292012,0.2562
55.3848,187.2669,1.423741,0.036525,0.309438,put,123.4715,122.400327,0.295753,-1.218229
130.1901,196.8062,1.588486,0.07615,0.34562,put,48.1556,53.912301,0.661514,-0.413224
199.0314,134.6615,0.458997,0.014389,0.563992,call,69.2444,70.013103,1.478013,0.390699
193.8061,74.4552,0.552174,0.018334,0.339162,put,0.01,0.000437,2.602989,0.95666
56.0599,156.4921,1.580297,0.065276,0.357313,put,87.7177,85.379955,0.358228,-1.026585
155.8696,133.3263,0.263398,0.048459,0.543341,put,7.1777,6.637051,1.169084,0.15622
95.2647,200.57,0.462446,0.018998,0.508879,call,0.2859,0.283208,0.47497,-0.744504
185.4484,114.6763,0.965509,0.012412,0.219861,put,0.1149,0.12085,1.617147,0.480664
56.7672,85.6473,1.867346,0.025696,0.106463,put,22.6241,24.887422,0.662802,-0.411279
190.3811,63.5088,1.167568,0.028257,0.41475,put,0.0919,0.088478,2.997713,1.09785
175.6214,158.7677,0.836588,0.010995,0.522425,put,22.0905,23.094462,1.106153,0.100888
67.6257,205.5986,1.958903,0.025126,0.376425,call,0.4994,0.478251,0.328921,-1.111938
58.9737,44.8184,0.981051,0.061682,0.205588,put,0.2268,0.21129,1.315834,0.274471
175.2061,165.8757,0.924096,0.06988,0.470678,call,37.3269,40.45061,1.05625,0.054725
73.3637,197.5782,0.882124,0.072877,0.43477,call,0.1932,0.18775,0.371315,-0.990706
130.2347,52.7129,0.693142,0.037294,0.382516,call,83.9787,78.879997,2.470644,0.904479
187.3617,58.7289,0.71882,0.032359,0.531668,call,136.6714,130.044889,3.190281,1.160109
135.1172,157.6327,1.40689,0.07999,0.492121,put,30.9984,34.629239,0.857165,-0.154125
109.585,150.1538,0.177588,0.063854,0.433976,call,0.4479,0.468294,0.729818,-0.314959
116.7524,51.7007,1.395452,0.047615,0.432379,call,64.6012,69.019752,2.258238,0.814585
59.4676,181.8519,0.482289,0.027834,0.431101,call,0.01,0.000832,0.327011,-1.117761
195.3128,128.9821,0.829995,0.032491,0.362582,put,2.1963,2.151635,1.514264,0.414929
96.5981,194.2236,0.378424,0.046076,0.331961,put,81.5533,94.271356,0.497355,-0.69845
78.4045,189.2584,1.150227,0.047946,0.4548,call,1.034,1.049974,0.414272,-0.881232
92.9071,178.1263,1.485766,0.010958,0.405247,put,88.6585,85.245239,0.52158,-0.650893
194.656,127.7028,0.773846,0.077158,0.34499,call,76.0202,75.461787,1.524289,0.421528
64.1429,82.7908,0.410491,0.050292,0.163331,put,17.1133,16.988959,0.774759,-0.255204
180.0955,126.0158,0.530361,0.051241,0.450964,call,59.2416,60.342993,1.429149,0.357079
156.1766,57.1379,1.654415,0.024803,0.422999,put,0.4812,0.508644,2.733326,1.005519
174.5029,152.0038,0.608533,0.063549,0.271124,put,3.7974,3.800671,1.148016,0.138035
196.3846,62.7761,1.571935,0.061609,0.278162,put,0.01,0.001757,3.128333,1.1405
176.3232,126.8994,0.729279,0.016661,0.223361,call,52.9527,51.372044,1.389472,0.328924
191.5074,49.2449,0.458592,0.05165,0.580958,call,148.412,143.417198,3.888874,1.35812
69.0403,90.9171,1.481886,0.056074,0.530101,call,12.8803,12.825171,0.759376,-0.275258
169.3683,79.4537,0.990236,0.06849,0.380525,call,100.5624,95.342281,2.131661,0.756901
131.8514,145.4054,0.159427,0.024426,0.300827,call,2.0177,2.056451,0.906785,-0.09785
131.5243,173.7537,1.923891,0.071434,0.468413,call,24.95,26.892417,0.756958,-0.278447
184.8382,49.7415,0.380732,0.042304,0.363864,call,139.1331,135.891471,3.715976,1.312641
195.7706,184.5482,0.771473,0.016757,0.587926,call,45.9525,45.663876,1.06081,0.059033
155.7257,186.3305,0.83111,0.017393,0.127561,call,0.7087,0.691294,0.83575,-0.179426
122.4408,98.1857,1.029917,0.023846,0.117143,put,0.0855,0.091911,1.247032,0.220766
118.4606,152.0307,1.592344,0.029793,0.384306,call,15.3438,14.082044,0.779189,-0.249502
107.9512,108.4442,0.111572,0.044748,0.20164,put,2.9785,2.875957,0.995454,-0.004556
104.2399,66.2124,1.871697,0.062413,0.402152,put,3.2175,3.264688,1.574324,0.453826
108.726,129.8726,1.32738,0.023071,0.490712,call,17.4975,18.356564,0.837174,-0.177723
63.463,54.6811,1.906233,0.079486,0.169055,call,17.9828,17.063319,1.160601,0.148938
61.6154,189.3403,1.65304,0.021307,0.320304,put,114.5487,121.227453,0.325422,-1.122634
166.9805,197.1293,1.862893,0.051956,0.444334,put,52.8225,47.455654,0.847061,-0.165983
116.9109,179.6742,1.241901,0.075026,0.516932,call,13.0746,13.488431,0.650683,-0.429733
189.6027,135.6298,0.778887,0.068276,0.348172,put,2.544,2.341687,1.397943,0.335002
141.8332,134.7918,0.941537,0.055352,0.203077,put,5.0061,5.052775,1.052239,0.05092
55.2764,207.3833,1.350261,0.060085,0.3929,call,0.0502,0.045823,0.266542,-1.322223
73.6285,82.1433,0.911171,0.019394,0.327259,call,6.2092,6.446436,0.896342,-0.109433
80.873,52.9112,1.490178,0.010676,0.485963,call,33.8209,33.789044,1.528465,0.424264
196.3604,135.53,0.274511,0.04039,0.377788,call,65.174,62.652594,1.448834,0.370759
82.8056,95.8936,1.676975,0.016266,0.239711,put,17.4623,16.902436,0.863516,-0.146743
127.3634,94.7976,0.487958,0.035043,0.477196,put,3.5625,3.3761,1.343529,0.2953
190.4265,41.2045,1.8935,0.025662,0.358874,call,147.4989,151.184087,4.621497,1.530719
196.5789,141.3607,0.395537,0.074144,0.188773,call,59.562,59.310491,1.390619,0.329749
85.4541,84.8857,0.345412,0.071604,0.381536,put,6.6543,6.262756,1.006695,0.006673
57.3676,71.936,1.642565,0.067326,0.57416,put,20.4552,21.203252,0.797482,-0.226296
73.0403,46.8734,1.655533,0.059976,0.452758,put,3.078,2.992086,1.558245,0.44356
59.4993,101.9415,1.503643,0.020785,0.249402,put,39.3396,39.775588,0.583661,-0.538435
79.2686,189.4247,1.925008,0.013386,0.455437,put,109.5533,108.436995,0.41847,-0.871149
135.2855,97.234,0.614025,0.055772,0.241303,put,0.2194,0.218429,1.391338,0.330266
186.8673,155.4426,1.670633,0.054958,0.371344,call,56.2686,58.57784,1.202163,0.184122
130.5828,168.613,0.768877,0.03586,0.363298,put,39.363,39.882966,0.774453,-0.255598
143.8984,95.7771,1.121057,0.043088,0.223695,call,53.3026,52.919034,1.50243,0.407084
80.2801,179.6789,0.94664,0.04424,0.273941,call,0.0188,0.018962,0.446797,-0.80565
170.0875,157.6195,0.111115,0.026795,0.571091,call,21.4958,19.927916,1.079102,0.076129
142.6683,135.0712,1.191478,0.031992,0.225299,call,21.6424,20.601538,1.056246,0.054721
179.6205,40.1687,1.520261,0.039287,0.500514,put,0.0925,0.091021,4.471652,1.497758
192.3265,45.9654,0.43165,0.052223,0.433685,put,0.01,1e-06,4.184155,1.431305
102.1851,208.4472,1.870146,0.076907,0.366315,call,4.081,4.256794,0.490221,-0.7129
63.5869,172.9883,1.107759,0.047694,0.168757,put,110.4184,100.499094,0.367579,-1.000817
83.8893,199.3861,0.438667,0.061181,0.202285,put,104.6509,110.216733,0.420738,-0.865745
115.6762,193.3915,1.3273,0.06649,0.189489,put,62.0324,61.68119,0.598145,-0.513922
191.854,43.4753,0.464653,0.017946,0.393397,call,151.4243,148.739751,4.412943,1.484542
106.7465,174.614,0.220713,0.055719,0.586692,put,65.3147,66.347676,0.611328,-0.492121
165.616,116.6948,1.402099,0.043748,0.53862,put,12.4406,13.097448,1.419224,0.35011
131.0715,174.2249,0.31032,0.05007,0.112626,put,38.8787,40.467262,0.752312,-0.284604
77.4213,41.1417,0.301813,0.012689,0.236863,call,35.441,36.436895,1.881822,0.63224
98.1101,88.9939,1.505893,0.073435,0.178629,put,1.7067,1.76983,1.102437,0.097523
147.9788,167.725,0.204884,0.076695,0.587839,call,10.0007,9.377491,0.88227,-0.125257
150.928,174.8135,1.638561,0.010244,0.217805,call,9.3027,9.306914,0.863366,-0.146917
115.214,145.3515,1.612683,0.024895,0.200657,put,27.856,28.605479,0.792658,-0.232364
84.2968,91.2136,0.368648,0.022614,0.410438,put,12.1515,12.086763,0.92417,-0.078859
158.286,92.7616,1.084923,0.064691,0.378093,call,75.4798,73.04005,1.706374,0.53437
75.331,204.3499,0.283588,0.051866,0.212926,call,0.01,0.0,0.368637,-0.997942
190.5005,114.6661,1.301885,0.022413,0.435182,put,5.2772,5.049003,1.66135,0.50763
78.1855,116.0113,0.219567,0.066978,0.148504,put,33.8351,36.13221,0.673947,-0.394603
66.0969,133.8966,1.894514,0.034743,0.109685,put,62.742,59.270259,0.493641,-0.705946
124.6472,109.6154,0.494688,0.04226,0.141207,put,0.3329,0.333012,1.137132,0.128509
127.9324,133.9542,1.3975,0.037111,0.282434,put,16.5007,16.540457,0.955046,-0.045995
126.2289,113.497,0.343754,0.046497,0.587508,put,9.6578,10.004795,1.112178,0.106321
115.5001,180.5415,0.498233,0.04361,0.373623,put,58.2004,62.007798,0.639743,-0.446689
199.2222,194.5387,0.956804,0.029221,0.477363,call,37.6643,41.089231,1.024075,0.02379
122.9421,198.4587,1.188883,0.039719,0.260748,call,1.1638,1.21032,0.619484,-0.478868
121.692,135.9304,1.99784,0.073584,0.45967,call,33.6217,32.661687,0.895252,-0.11065
113.2649,115.1653,0.14926,0.045203,0.583091,call,9.1905,9.655013,0.983499,-0.016639
60.0239,159.8908,0.100597,0.074147,0.27888,call,0.01,0.0,0.375405,-0.979749
138.9435,182.515,0.765697,0.048509,0.59953,put,51.7039,54.166395,0.761272,-0.272765
84.1952,135.707,0.795697,0.063817,0.419205,call,2.3899,2.437015,0.620419,-0.477361
145.6413,158.9968,1.779291,0.030551,0.474296,put,38.611,39.289934,0.916002,-0.087737
57.625,167.454,1.833907,0.065329,0.226084,call,0.01,0.007688,0.344124,-1.066752
197.2081,154.9869,1.772997,0.028503,0.421545,call,71.3583,67.854476,1.272417,0.240918
120.3508,166.8427,0.37204,0.011368,0.355503,call,0.9801,0.921928,0.721343,-0.326641
184.5133,75.4697,0.882999,0.021251,0.578201,put,1.3063,1.186368,2.444866,0.89399
121.3342,124.7237,1.517182,0.011516,0.552338,call,29.2708,31.860076,0.972824,-0.027552
59.0496,140.0057,0.693961,0.076294,0.298336,put,70.5834,73.739429,0.421766,-0.863305
173.332,40.4212,1.360152,0.079998,0.573435,put,0.1711,0.165016,4.288141,1.455853
147.2276,185.5136,0.550571,0.063356,0.542406,put,43.9506,44.971757,0.793621,-0.231149
167.2636,143.7042,0.714497,0.017569,0.395192,put,10.6748,10.233949,1.163944,0.151814
114.2255,61.9532,1.734816,0.072926,0.141059,call,60.2525,59.634798,1.843739,0.611796
145.6905,178.7807,0.575967,0.062064,0.180395,put,30.1532,27.945759,0.814912,-0.204675
178.4344,161.8997,1.932216,0.033257,0.138437,put,3.7261,3.540974,1.102129,0.097244
144.6598,168.9109,0.681893,0.045159,0.153997,call,1.7934,1.702573,0.856427,-0.154987
102.151,106.6472,0.144703,0.056323,0.588476,call,7.4063,7.562202,0.957841,-0.043074
149.3794,185.2144,0.584312,0.011684,0.206084,put,35.5336,35.707678,0.806522,-0.215025
150.7781,110.3847,0.425289,0.045108,0.445427,call,44.1441,44.828477,1.365933,0.311838
194.088,136.9866,1.062971,0.061268,0.418264,call,66.3722,71.77745,1.41684,0.348429
105.6368,40.1092,0.314161,0.023176,0.415572,put,0.01,4.6e-05,2.633732,0.968402
113.7623,149.6284,1.289493,0.041065,0.203352,call,2.7368,2.638109,0.760298,-0.274044
171.8184,162.0899,1.762308,0.047277,0.389673,call,44.5038,45.285211,1.06002,0.058287
125.8643,136.4086,0.788786,0.06149,0.412769,put,22.067,20.715083,0.922701,-0.08045
160.486,124.415,0.420136,0.077512,0.385203,put,2.0764,2.144256,1.289925,0.254584
118.9564,177.6892,0.860047,0.069379,0.193081,put,44.2352,48.71316,0.669463,-0.401279
82.3243,155.8334,1.593337,0.053506,0.46153,call,5.9338,5.648794,0.528284,-0.638121
161.7806,87.2726,1.223827,0.050855,0.136622,put,0.01,1.2e-05,1.853739,0.617205
69.6733,203.0425,0.292172,0.052223,0.3956,put,129.0191,130.294662,0.343146,-1.069598
79.7875,160.2354,1.120656,0.048163,0.31813,call,0.3988,0.39465,0.49794,-0.697277
144.0237,207.9496,0.989362,0.014155,0.225143,call,0.9565,0.938256,0.69259,-0.367318
162.0905,205.1144,0.721513,0.058881,0.503694,put,52.7515,50.604466,0.790244,-0.235413
184.2032,196.2147,0.309305,0.060144,0.187946,put,13.1233,12.752681,0.938784,-0.06317
90.888,168.4132,1.964113,0.045874,0.566491,put,78.7816,76.67327,0.539673,-0.616793
66.6086,143.603,0.434482,0.070927,0.542283,call,0.2334,0.243406,0.463839,-0.768218
193.407,69.269,0.466211,0.057071,0.280294,put,0.01,0.0,2.792114,1.026799
73.1635,132.3697,0.376607,0.035387,0.252576,put,53.1285,57.454246,0.55272,-0.592903
79.65,170.114,1.183367,0.011379,0.168743,call,0.01,0.000115,0.468216,-0.758826
93.6994,128.5457,0.942972,0.014141,0.558164,put,40.5341,43.59185,0.728919,-0.316193
129.4087,187.6007,0.574159,0.034626,0.413766,put,56.658,57.656953,0.689809,-0.37134
182.4238,58.6415,0.915904,0.042347,0.115892,call,117.7028,126.013266,3.110832,1.13489
164.0819,104.7599,1.379692,0.021681,0.3555,put,3.2051,3.326949,1.566267,0.448695
156.2236,126.014,0.635231,0.023253,0.142899,call,32.2076,32.18603,1.239733,0.214896
76.2771,113.4953,1.838967,0.026115,0.386875,call,6.887,7.074309,0.672073,-0.397389
103.6524,58.4597,0.682058,0.064636,0.354481,put,0.1489,0.140282,1.773057,0.572705
121.7607,66.0998,0.47654,0.06399,0.141423,call,58.3003,57.646146,1.842074,0.610892
72.1139,182.3949,1.913679,0.036806,0.50793,call,3.9211,4.014278,0.395372,-0.927928
91.0145,122.3453,1.640065,0.022066,0.231159,call,3.17,3.19141,0.743914,-0.295829
96.25,48.2828,0.751961,0.017764,0.370742,call,51.6886,48.716946,1.993463,0.689873
69.0914,42.8035,1.698721,0.016099,0.419519,put,2.8706,2.745394,1.614153,0.47881
132.536,120.4908,1.085747,0.03739,0.581152,put,20.5862,21.829757,1.099967,0.09528
155.7542,67.9444,0.75883,0.013188,0.346906,call,85.4989,88.51147,2.292378,0.82959
60.4897,159.8714,1.695262,0.033354,0.558658,put,96.1256,93.896303,0.378365,-0.971896
122.1685,175.205,1.529114,0.077307,0.277429,put,40.8428,40.13358,0.697289,-0.360556
167.3317,78.8104,0.665962,0.045525,0.528719,put,0.6234,0.658462,2.123217,0.752932
162.1985,140.6701,1.252689,0.067585,0.217913,put,3.4595,3.334197,1.153042,0.142404
172.261,66.2556,0.801841,0.019049,0.45374,call,102.3563,107.12867,2.599946,0.955491
117.2361,91.6091,0.101999,0.028766,0.144306,call,27.5842,25.895436,1.279744,0.24666
173.0836,191.0952,1.92745,0.076258,0.593025,call,59.6697,58.130616,0.905745,-0.098997
86.113,132.4967,1.144295,0.036849,0.576968,put,48.1287,51.0166,0.649925,-0.430898
104.1216,190.6011,1.237022,0.055388,0.321107,put,73.2712,75.262413,0.54628,-0.604623
76.4533,78.2921,1.239794,0.078329,0.361968,call,14.2723,14.673518,0.976514,-0.023766
120.1227,96.1041,1.146219,0.048555,0.398887,put,6.8709,6.816298,1.249922,0.223081
108.809,120.0619,0.651091,0.031374,0.237519,call,4.8838,4.934253,0.906274,-0.098413
86.1391,121.6136,1.945995,0.047236,0.437236,call,12.3879,13.141106,0.708301,-0.344886
162.7671,209.6002,1.28117,0.013825,0.449281,put,58.0111,62.359051,0.77656,-0.252881
97.077,59.4557,1.374751,0.017866,0.362538,put,1.7702,1.722598,1.632762,0.490273
90.9206,184.8341,0.964106,0.010502,0.17387,call,0.01,0.000102,0.491904,-0.709471
69.6335,186.8259,0.646937,0.071895,0.559593,put,109.6047,109.029266,0.372719,-0.986931
115.8233,134.0438,0.222263,0.05699,0.157523,call,0.1342,0.132266,0.86407,-0.146101
95.4447,98.4863,0.765437,0.030883,0.414586,call,13.0062,13.421864,0.969116,-0.031371
105.3909,128.2684,0.434585,0.025481,0.151544,put,21.8069,21.607998,0.821643,-0.196449
85.3996,89.7195,1.357968,0.057815,0.17305,call,9.0819,8.057882,0.951851,-0.049347
164.4733,175.8483,1.770107,0.074367,0.110269,put,5.3474,5.050179,0.935314,-0.066873
189.5005,124.7075,0.675234,0.03094,0.281682,put,0.3835,0.389296,1.51956,0.418421
124.6898,197.3932,0.732477,0.032509,0.419791,call,2.9346,3.013684,0.631682,-0.459369
146.4498,145.8575,1.373693,0.069797,0.360772,call,26.5292,30.958374,1.00406,0.004052
180.0758,127.4343,0.383616,0.072536,0.43727,call,60.7633,57.680631,1.413088,0.345777
199.8244,160.8818,1.865931,0.073983,0.437509,call,79.329,76.326698,1.242058,0.216769
142.0275,125.6686,0.791309,0.030521,0.170087,call,20.5462,21.120797,1.130175,0.122372
183.4669,193.7661,0.292279,0.018422,0.128669,put,10.307,11.102519,0.946847,-0.054617
186.2912,71.3558,0.4319,0.0408,0.412679,put,0.01,0.001186,2.610737,0.959632
168.7177,205.4693,1.872218,0.030704,0.426612,put,56.6586,55.426821,0.821134,-0.197069
119.1397,178.0724,0.569527,0.071871,0.378352,put,53.5377,53.777982,0.669052,-0.401893
62.1731,186.3247,1.358311,0.012564,0.222881,put,125.1832,120.998753,0.333682,-1.097568
52.3708,122.0943,0.396714,0.054372,0.505383,call,0.0377,0.037487,0.428937,-0.846444
121.5801,182.3243,0.468793,0.073433,0.137843,put,57.2131,54.57464,0.666834,-0.405214
124.1472,92.1516,1.770553,0.078367,0.416156,call,51.4932,50.558754,1.347206,0.298033
111.1044,169.5312,0.381263,0.055509,0.160206,call,0.01,7.4e-05,0.655362,-0.422567
135.2251,63.8765,0.135626,0.076495,0.427224,call,64.4831,72.00785,2.116976,0.749989
132.8244,92.1988,1.052343,0.015296,0.308863,put,1.8036,1.92284,1.44063,0.365081
175.492,115.7746,1.739181,0.035149,0.459052,call,75.1896,76.584974,1.515808,0.415948
66.2986,94.7944,0.719383,0.01061,0.126096,call,0.01,0.001195,0.699394,-0.357542
83.7766,105.7929,0.343508,0.078683,0.377541,put,23.1203,21.132402,0.791893,-0.233329
168.9507,179.4178,1.966239,0.073191,0.172439,put,9.6566,9.736632,0.941661,-0.06011
177.1755,83.6349,1.385803,0.011964,0.441191,put,1.8304,1.888468,2.11844,0.75068
199.2236,166.6978,1.716312,0.011269,0.159978,call,35.383,39.217399,1.195119,0.178245
180.9368,52.5311,1.529063,0.035688,0.136792,call,136.8607,131.195507,3.444378,1.236743
183.4849,170.1756,1.42666,0.028098,0.456561,put,27.3193,28.092431,1.078209,0.075301
97.1522,174.644,0.830672,0.069285,0.131766,call,0.01,1.7e-05,0.556287,-0.586471
110.2492,108.2888,0.716246,0.021234,0.212265,put,5.8702,6.095954,1.018104,0.017942
90.2128,162.8212,1.462221,0.065345,0.512368,put,73.1186,66.153954,0.55406,-0.590482
140.9449,195.5735,1.461755,0.048812,0.504844,call,22.188,21.387342,0.720675,-0.327567
190.8208,176.1212,1.906118,0.036417,0.527063,call,61.3739,64.700873,1.083463,0.080162
101.6961,106.3759,1.180454,0.0202,0.26305,call,10.7479,10.62444,0.956007,-0.04499
133.5503,122.3163,0.65978,0.079838,0.364024,put,7.8142,7.523634,1.091844,0.087868
94.4449,172.4908,1.030105,0.053259,0.486674,put,72.0744,72.895538,0.547536,-0.602327
75.47,89.7411,1.266056,0.040757,0.168493,put,12.6579,12.14844,0.840975,-0.173193
79.2778,176.6601,0.910787,0.035979,0.462195,put,96.2932,92.51829,0.448759,-0.801269
58.6918,95.7721,1.603153,0.073401,0.148743,put,27.3612,26.568665,0.612828,-0.489671
192.394,177.0184,1.210765,0.067483,0.556625,call,58.8399,58.888425,1.086859,0.083292
110.4319,54.7561,0.117928,0.066783,0.418655,call,52.8088,56.105409,2.016798,0.701511
175.1181,47.5475,1.182696,0.053134,0.346653,put,0.01,0.001159,3.683011,1.303731
152.1994,209.6048,1.303847,0.072157,0.342365,put,50.5523,50.111046,0.726126,-0.320032
78.7882,187.8077,1.838996,0.030949,0.190681,put,89.3826,98.635812,0.419515,-0.868656
76.3193,190.0841,0.886071,0.059259,0.272959,put,104.925,104.044484,0.401503,-0.91254
171.7982,201.7176,1.191489,0.038311,0.463562,call,26.727,26.857035,0.851677,-0.160548
89.7068,114.5138,1.002495,0.052,0.370472,put,24.2909,25.975627,0.783371,-0.244149
186.9928,88.762,1.110147,0.079871,0.364653,call,104.2452,106.010425,2.106675,0.745111
71.0083,62.1042,0.227878,0.078917,0.197623,put,0.1382,0.140532,1.143373,0.133983
151.6563,125.2056,1.804839,0.045883,0.445181,put,17.8741,16.30006,1.211259,0.19166
172.1711,77.4082,1.829783,0.05017,0.296017,call,102.8699,101.749911,2.224197,0.799396
85.2885,199.0436,1.141313,0.072813,0.191377,put,102.9546,97.883484,0.428491,-0.847485
91.4311,40.6805,1.157455,0.078994,0.571892,put,1.0932,1.099752,2.247539,0.809836
194.6778,64.3434,0.209356,0.064503,0.353399,call,118.9039,131.197443,3.025605,1.107111
89.6896,81.9009,1.236106,0.014563,0.364018,put,9.8191,9.499468,1.0951,0.090845
114.4936,73.8226,0.915388,0.032585,0.590686,put,5.5162,5.704302,1.550927,0.438853
114.8773,78.3823,1.447183,0.072759,0.283203,put,1.0214,1.038991,1.465602,0.382266
87.9552,151.5281,0.189537,0.063785,0.57151,put,58.657,61.917349,0.580455,-0.543943
166.3687,95.6771,1.450687,0.061956,0.447463,call,82.8248,82.524481,1.738856,0.553228
165.7774,144.5541,0.645098,0.056755,0.416548,put,10.2117,9.694856,1.146819,0.136992
106.7477,191.3438,1.33824,0.039068,0.217209,call,0.2266,0.216013,0.557884,-0.583604
175.2689,142.4347,1.291539,0.038227,0.125878,call,43.1879,40.013682,1.230521,0.207438
81.9612,158.0706,0.530999,0.066625,0.318892,put,76.7491,70.644682,0.51851,-0.656795
50.6459,102.1356,0.936859,0.030565,0.105085,put,43.6334,48.606544,0.495869,-0.701443
135.6751,67.1555,1.687703,0.057938,0.135501,put,0.01,9e-06,2.020311,0.703252
199.1117,94.4993,1.250624,0.060835,0.397663,put,0.6633,0.73025,2.107018,0.745273
55.7966,203.9281,0.230603,0.069119,0.462236,put,149.4856,144.906759,0.273609,-1.296053
81.1997,145.7079,0.941527,0.032392,0.183974,call,0.01,0.005011,0.557277,-0.584692
127.8372,87.1769,0.692366,0.061932,0.46625,put,2.6647,2.731802,1.466412,0.382818
171.4911,116.6556,1.319127,0.017454,0.574863,put,14.5109,14.669932,1.470063,0.385305
63.3563,182.0372,1.267671,0.019664,0.471588,call,0.555,0.544357,0.34804,-1.055437
109.2852,153.6354,0.119756,0.039214,0.492358,call,0.1855,0.201179,0.711328,-0.340621
162.0614,135.311,1.254621,0.013866,0.450356,put,15.9365,17.007609,1.197696,0.180399
105.7315,190.4777,1.496214,0.076339,0.212369,put,64.6528,64.648584,0.555086,-0.588632
78.3255,154.3147,1.560587,0.073133,0.280445,call,0.8664,0.816827,0.50757,-0.678121
79.3244,149.2641,0.212054,0.013425,0.574633,put,69.5098,69.598243,0.531437,-0.632171
111.5073,72.2606,0.676951,0.068682,0.430605,call,42.038,43.771003,1.543128,0.433811
121.9126,58.0861,0.90042,0.045621,0.494512,call,59.7258,66.914137,2.098826,0.741378
179.2722,204.0742,0.441566,0.059137,0.584347,call,21.3133,20.343775,0.878466,-0.129578
146.3379,141.8059,0.899394,0.072085,0.215718,put,5.6731,5.890205,1.031959,0.031459
153.5603,110.6662,0.235146,0.050388,0.260843,put,0.0167,0.01831,1.387599,0.327575
197.4481,140.1335,0.315113,0.018143,0.422401,put,1.121,1.227093,1.408999,0.34288
111.7765,50.508,1.37052,0.010181,0.112179,call,57.5087,61.968307,2.213044,0.794369
110.5032,179.7616,0.598888,0.044785,0.38561,call,1.0455,1.098771,0.61472,-0.486588
188.502,76.8297,1.451671,0.076446,0.504344,call,119.6441,121.090307,2.453504,0.897517
86.8813,176.7728,0.191406,0.050084,0.405222,call,0.01,0.000192,0.491486,-0.710322
159.4723,130.8443,1.169136,0.036106,0.247697,call,38.1964,37.844898,1.218794,0.197862
163.186,87.0172,0.843752,0.012165,0.462052,call,77.5221,78.48938,1.875329,0.628784
64.6682,45.1357,1.614246,0.074049,0.173016,put,0.0652,0.057644,1.432751,0.359596
120.2347,178.6917,1.589508,0.032901,0.547387,put,62.4903,68.312979,0.672861,-0.396216
80.0844,69.9982,0.813563,0.059334,0.150458,call,13.9034,13.791952,1.144091,0.134611
77.8063,48.8069,1.283157,0.058597,0.531746,call,36.3463,36.032708,1.594167,0.466351
119.5742,168.4992,0.532343,0.027772,0.348905,put,45.6338,48.11347,0.709643,-0.342994
93.4145,99.5073,1.202773,0.014464,0.314324,call,11.0611,11.008609,0.938769,-0.063185
169.4091,106.1868,0.254403,0.03695,0.350331,put,0.0265,0.025191,1.595388,0.467117
186.1407,82.0015,0.925748,0.032199,0.200103,put,0.01,2.5e-05,2.269968,0.819766
170.4081,186.0603,0.447183,0.059018,0.328843,call,11.3181,10.584728,0.915875,-0.087875
89.9046,90.546,1.778424,0.067385,0.52486,put,16.74,18.786696,0.992916,-0.007109
91.1202,75.7327,0.945312,0.025571,0.500478,call,24.7796,25.869421,1.203181,0.184969
88.2093,92.5725,1.22247,0.046976,0.181524,call,7.9763,7.427739,0.952867,-0.04828
70.2557,74.5354,0.784726,0.012843,0.43671,call,9.7956,9.367928,0.942581,-0.059133
191.5698,94.0014,0.648608,0.024998,0.528419,put,1.0185,0.99143,2.037946,0.711942
110.3072,54.0992,0.485548,0.063323,0.509884,call,61.601,58.022659,2.038981,0.71245
83.7034,66.9501,1.832556,0.065538,0.312816,put,3.1393,3.473033,1.250236,0.223332
177.0007,110.899,1.618985,0.064348,0.124046,call,80.1408,77.074314,1.596053,0.467534
109.8793,189.5094,0.353196,0.019967,0.565585,put,83.635,79.408477,0.579809,-0.545056
55.2675,49.7394,1.518777,0.048572,0.297943,call,12.3521,12.773154,1.111141,0.105388
74.2912,76.1547,0.895208,0.03959,0.280488,call,9.2807,8.201235,0.975531,-0.024774
145.8876,194.4188,0.129254,0.079404,0.479757,put,47.6708,47.207293,0.750378,-0.287178
167.4358,191.3025,1.103898,0.055785,0.231986,put,21.1755,23.784232,0.875241,-0.133256
81.6402,155.5066,0.347088,0.075464,0.517374,put,71.4474,70.110648,0.524995,-0.644367
187.6093,80.8805,0.498875,0.020175,0.138026,call,103.6678,107.538779,2.319587,0.841389
177.6496,111.3678,1.422478,0.041561,0.470356,call,84.3188,79.677053,1.595161,0.466975
177.2571,75.9076,0.58857,0.064013,0.582895,call,107.4685,104.602426,2.33517,0.848085
84.1492,61.86,1.794588,0.03575,0.597884,call,36.2574,37.375027,1.360315,0.307717
57.5804,104.5997,1.348623,0.054276,0.561902,put,48.7011,45.297458,0.550483,-0.596959
180.1135,137.8897,1.681339,0.045819,0.535381,call,76.1962,72.777166,1.306215,0.267133
95.87,101.1886,1.26886,0.079435,0.23944,put,7.6758,8.007653,0.94744,-0.053992
142.8375,143.8402,1.750814,0.022171,0.583324,call,44.1754,44.513908,0.993029,-0.006995
163.995,90.3633,0.787201,0.075474,0.563948,put,2.6463,2.579406,1.814841,0.595998
69.244,98.7946,1.143367,0.03811,0.367186,call,3.7454,3.815058,0.700888,-0.355407
167.1258,174.4145,1.080192,0.04276,0.301039,put,20.1067,20.448812,0.95821,-0.042688
190.7767,189.3135,1.817202,0.047002,0.154634,put,8.1448,8.129882,1.007729,0.007699
159.2562,94.7458,0.413339,0.028576,0.395317,put,0.1937,0.205165,1.680879,0.519317
116.1834,137.1577,1.198315,0.077456,0.450273,call,17.1617,19.319604,0.847079,-0.165961
181.5017,87.2876,1.533419,0.073804,0.301998,call,104.975,103.73454,2.079353,0.732057
129.1186,49.0669,0.803095,0.078103,0.303015,put,0.01,0.000363,2.631482,0.967547
161.7156,165.4357,1.748405,0.079784,0.386656,put,21.575,22.702776,0.977513,-0.022743
173.0759,69.0706,0.808728,0.056886,0.113892,put,0.01,0.0,2.505783,0.918601
162.4029,112.3711,0.429287,0.041618,0.578933,call,51.4416,56.063285,1.445237,0.368273
93.1782,122.7977,1.209692,0.069551,0.244953,call,3.9291,3.846854,0.758794,-0.276024
67.6766,71.3602,0.899079,0.011666,0.170445,call,3.1017,3.136692,0.94838,-0.053
85.7508,56.0744,0.128861,0.068408,0.102744,call,29.7786,30.168503,1.529232,0.424766
125.4312,99.1622,0.232693,0.04481,0.528446,put,2.3491,2.515223,1.26491,0.235001
125.7915,201.8886,0.471027,0.057125,0.531604,put,71.3531,73.772624,0.623074,-0.47309
137.3967,144.5731,1.561727,0.036183,0.147653,call,10.6567,10.45964,0.950361,-0.050913
109.2653,104.8397,1.794875,0.035804,0.176121,call,16.1354,16.177606,1.042212,0.041346
168.0337,46.6148,1.136718,0.01222,0.323951,put,0.01,0.000623,3.604726,1.282246
186.9731,142.0465,0.300574,0.039665,0.192852,call,48.878,46.62752,1.316281,0.27481
87.0088,55.6838,1.115396,0.038585,0.467911,put,2.7672,2.802644,1.562551,0.44632
160.4785,132.2325,1.72565,0.025735,0.12902,put,0.7929,0.874857,1.213609,0.193598
151.6958,167.8316,1.524007,0.027313,0.374855,put,32.2186,33.485834,0.903857,-0.101084
128.4636,112.0095,0.653087,0.05089,0.291396,call,23.7997,23.916602,1.146899,0.137062
78.2795,90.9,0.335392,0.032244,0.332473,call,2.1378,2.224555,0.861161,-0.149473
169.2848,48.0553,1.811295,0.068118,0.312379,call,120.1246,126.812103,3.522708,1.25923
194.0939,44.2122,1.722769,0.017797,0.17658,call,151.7441,151.216683,4.39005,1.479341
158.2754,113.1045,0.202059,0.050435,0.210141,call,51.9477,46.318091,1.399373,0.336025
187.679,190.1687,1.664982,0.021203,0.132404,put,10.4275,10.68867,0.986908,-0.013178
197.6278,81.4907,0.284704,0.046977,0.157643,call,117.2033,117.219758,2.425158,0.885897
102.8076,137.5894,0.220239,0.048678,0.588947,put,33.5843,35.942894,0.747206,-0.291415
145.7335,156.332,1.541342,0.054961,0.239893,call,19.3294,18.197475,0.932205,-0.070202
121.0899,50.3411,1.11899,0.03992,0.253513,put,0.01,0.001508,2.40539,0.877712
197.9943,66.0271,0.887641,0.045663,0.163553,put,0.01,0.0,2.998684,1.098174
64.0712,96.3171,1.817338,0.022667,0.477582,call,9.1281,8.546363,0.665211,-0.407651
111.8562,153.9158,1.694677,0.042411,0.562071,put,52.9135,54.068974,0.726736,-0.319192
181.3309,114.636,0.209485,0.036112,0.494875,put,0.2313,0.234987,1.581797,0.458562
92.6077,164.8132,1.270566,0.056629,0.406308,call,3.9852,3.670502,0.561895,-0.57644
168.1689,187.4916,1.567308,0.040438,0.506616,call,40.2567,39.02191,0.896941,-0.108765
107.4175,168.9233,1.145932,0.064554,0.302115,put,46.1733,51.937428,0.635895,-0.452722
196.9968,208.682,1.96771,0.039819,0.529749,put,55.7389,54.499256,0.944005,-0.057624
182.5295,168.2414,1.40349,0.026504,0.499259,put,29.7474,30.638863,1.084926,0.081512
95.1981,184.8705,0.297872,0.029158,0.100862,call,0.01,0.0,0.514945,-0.663696
165.529,181.5023,0.476766,0.01317,0.343897,call,10.1811,9.977277,0.911994,-0.092122
100.5285,164.1452,1.669867,0.047794,0.232308,put,47.9056,52.473011,0.612436,-0.49031
140.9544,176.3063,1.993838,0.068162,0.143116,call,6.5789,6.4915,0.799486,-0.223786
148.7721,198.8961,0.286845,0.063838,0.523098,call,4.2209,4.176817,0.747989,-0.290367
174.4393,120.7853,0.290626,0.040645,0.103975,call,56.0735,55.072446,1.44421,0.367563
53.6676,148.5088,1.550435,0.023728,0.465082,put,92.9909,90.389498,0.361377,-1.017834
83.0237,127.5398,0.222273,0.070444,0.594096,call,0.9435,0.877178,0.650963,-0.429302
156.7877,184.6763,0.230264,0.013975,0.34101,call,2.4469,2.397041,0.848986,-0.163712
134.5285,113.3311,1.788751,0.037946,0.28562,put,7.2994,7.291084,1.187039,0.171462
124.3408,179.3536,1.620855,0.069963,0.402916,put,52.889,50.017523,0.693272,-0.366333
58.2815,175.8903,1.77497,0.037522,0.502349,put,120.0187,107.916153,0.331351,-1.104576
102.2414,203.5206,1.335975,0.018251,0.220126,put,100.8402,96.427843,0.502364,-0.688431
179.765,82.3165,0.712819,0.028616,0.225351,call,100.1327,99.110691,2.183827,0.781079
54.6339,160.6353,1.821995,0.052002,0.403589,call,0.6803,0.665668,0.340112,-1.078482
109.4654,168.6763,0.667575,0.020643,0.56994,put,63.9306,63.122359,0.648967,-0.432373
191.7722,199.1673,0.623471,0.055845,0.24922,call,14.7792,14.765525,0.96287,-0.037837
57.6321,194.1734,1.784161,0.040671,0.288377,put,136.2804,122.967047,0.296807,-1.214672
162.4559,137.4994,1.393563,0.033407,0.596667,call,55.6254,57.790187,1.181502,0.166787
88.6419,138.456,1.801777,0.026865,0.188111,put,46.4799,43.941844,0.640217,-0.445948
179.9913,68.4395,0.396212,0.067633,0.138484,call,112.648,113.36144,2.629933,0.966958
161.9102,205.7437,1.909364,0.037767,0.394878,call,23.1049,24.952657,0.786951,-0.239589
182.8558,83.353,1.26421,0.061694,0.112133,call,104.7609,105.756752,2.193752,0.785614
82.3887,163.2052,1.369267,0.040825,0.190217,call,0.017,0.017771,0.504817,-0.68356
129.6939,175.2852,1.836715,0.016431,0.411105,put,58.4103,56.770545,0.739902,-0.301237
166.8905,115.0066,0.823431,0.040835,0.429756,call,60.0008,59.728123,1.451138,0.372348
86.855,75.9029,1.467192,0.045538,0.355213,call,21.6284,22.793725,1.14429,0.134784
84.6119,72.1233,1.316647,0.042049,0.291874,put,4.2681,3.975029,1.173157,0.159699
54.0773,185.6043,1.59673,0.067137,0.388099,call,0.178,0.168319,0.291358,-1.233202
193.7773,126.8286,1.804191,0.07376,0.421693,put,7.5201,6.966777,1.527867,0.423873
156.5025,55.3233,1.392116,0.065075,0.501741,put,0.5553,0.548645,2.828873,1.039878
145.3341,161.8933,0.228515,0.050795,0.496375,call,8.2237,8.238431,0.897715,-0.107903
161.5992,82.5291,0.447967,0.047901,0.4324,put,0.0938,0.090253,1.958088,0.671969
129.7419,188.9871,1.912559,0.055123,0.547116,put,65.0743,67.009354,0.686512,-0.376131
121.4201,92.6272,1.940436,0.030148,0.519013,put,15.3798,15.280352,1.310847,0.270673
117.4298,74.046,1.938085,0.066829,0.166623,call,51.9537,52.414145,1.585903,0.461154
146.0659,54.4259,0.169919,0.069979,0.57834,call,85.5412,92.283346,2.683755,0.987217
80.2302,126.9603,0.826652,0.028705,0.545871,put,49.1528,48.841522,0.631932,-0.458974
183.2088,116.6254,1.543378,0.073197,0.260464,call,78.0077,79.766632,1.570917,0.45166
171.7629,167.7231,1.530483,0.069411,0.110092,call,22.6519,22.930137,1.024086,0.023801
102.4345,118.9824,0.263227,0.039714,0.401988,call,3.4245,3.363169,0.860922,-0.149752
136.7914,98.4487,1.258029,0.07363,0.319209,call,52.4991,49.357946,1.389469,0.328921
71.1541,84.4813,0.371452,0.018431,0.474783,call,3.7713,3.938919,0.842246,-0.171683
195.8519,87.2849,1.037098,0.011959,0.3623,put,0.212,0.215757,2.243823,0.808181
185.4339,197.7341,0.555403,0.034351,0.138245,put,12.3213,12.811796,0.937794,-0.064225
188.2846,68.0634,0.201006,0.04958,0.222344,call,115.8775,120.896213,2.766314,1.017516
99.8245,207.99,0.252037,0.034601,0.541262,put,103.2414,106.404903,0.479948,-0.734077
75.3702,95.5763,1.830697,0.075945,0.118845,put,9.8036,9.900963,0.788587,-0.237513
81.7658,55.0263,1.514827,0.02783,0.468335,put,4.9025,4.762672,1.48594,0.396047
63.5002,82.2774,1.870466,0.029685,0.245972,put,18.5526,18.259865,0.771782,-0.259053
68.0166,49.9304,0.992981,0.054438,0.32632,call,20.7677,21.926929,1.362227,0.309121
60.6957,174.3051,0.885256,0.01027,0.365503,put,119.294,112.043261,0.348215,-1.054934
198.4735,127.134,0.780974,0.060929,0.225041,call,80.9643,77.313039,1.561136,0.445414
61.1087,97.2877,1.270983,0.036423,0.42598,call,3.5886,3.758425,0.628123,-0.465019
69.8813,152.5484,0.767963,0.078442,0.446721,put,78.7919,74.246947,0.458093,-0.780684
174.0882,147.2099,1.517919,0.058399,0.14253,put,0.875,0.860809,1.182585,0.167702
137.036,199.7783,1.622503,0.013655,0.286964,put,63.0803,63.577707,0.685941,-0.376964
166.1626,203.4143,1.764105,0.016484,0.472189,call,31.2452,30.695497,0.816868,-0.202278
144.6368,155.7162,0.561322,0.016172,0.460819,put,25.6443,25.677423,0.928849,-0.07381
182.3263,179.0287,1.101342,0.076684,0.372302,call,37.6695,36.66983,1.018419,0.018252
145.7701,174.7123,0.524545,0.057884,0.488837,put,36.2963,35.959429,0.834344,-0.18111
128.3188,123.5216,0.171356,0.039932,0.153822,put,1.1107,1.129921,1.038837,0.038101
156.9125,159.7579,1.444868,0.024034,0.159106,put,9.522,10.596295,0.982189,-0.017972
117.1089,53.304,1.143064,0.071155,0.428745,put,0.3924,0.382055,2.196999,0.787092
101.9096,168.8636,1.475462,0.024109,0.446667,put,67.0919,68.369394,0.603502,-0.505005
120.1479,203.5116,0.266484,0.059468,0.507263,call,0.4048,0.38927,0.590374,-0.527
75.4571,54.4457,1.9915,0.063433,0.190518,put,0.3133,0.305726,1.385915,0.32636
169.4858,182.1397,1.989262,0.030626,0.358386,call,32.4942,33.069178,0.930526,-0.072005
89.1056,198.6066,0.9835,0.045344,0.430416,call,0.8763,0.833185,0.448654,-0.801504
73.0297,78.4521,1.745512,0.025609,0.21185,call,7.355,7.280365,0.930883,-0.071622
86.9528,129.2179,0.56278,0.036525,0.358464,call,1.0441,1.035559,0.672916,-0.396134
176.3105,197.7359,1.501376,0.077559,0.419223,put,35.3056,35.551204,0.891647,-0.114686
99.5302,203.2384,1.770529,0.05852,0.207225,call,0.1893,0.173829,0.489721,-0.713919
152.9075,61.74,1.647866,0.069263,0.287782,put,0.0273,0.028695,2.476635,0.906901
178.4614,99.3307,1.642371,0.047842,0.208169,call,85.3076,86.706712,1.796639,0.585918
61.6617,158.6846,0.979751,0.026733,0.551471,put,88.0965,93.906787,0.38858,-0.945256
164.7537,77.6649,1.657981,0.059902,0.218399,call,97.8739,94.441813,2.121339,0.752047
96.1498,95.211,1.412339,0.04504,0.160417,call,10.6414,10.960716,1.00986,0.009812
82.4934,43.9595,0.351658,0.022379,0.117578,call,37.9645,38.878473,1.876577,0.629449
153.3352,66.0987,0.31695,0.03887,0.122477,put,0.01,0.0,2.319792,0.841478
186.4695,135.596,1.566652,0.054439,0.195793,call,62.9253,62.728557,1.375184,0.318588
94.2529,151.0253,1.288382,0.061473,0.404104,call,5.2873,5.640725,0.624087,-0.471466
135.3251,150.315,1.086815,0.027025,0.108825,put,11.5806,13.044856,0.900276,-0.105053
93.4751,172.3213,1.823797,0.07132,0.243372,put,60.4074,59.05571,0.542447,-0.611665
133.1428,110.5978,1.353222,0.036569,0.129083,put,0.3992,0.447511,1.203847,0.185522
143.2793,86.4934,0.852679,0.02898,0.301829,put,0.3514,0.336585,1.656534,0.504728
141.5503,42.6487,0.88647,0.023658,0.124288,call,107.5635,99.786724,3.318981,1.199658
143.532,75.1271,1.249964,0.066292,0.403771,put,0.9757,0.983877,1.910522,0.647377
70.262,93.1059,1.544523,0.034792,0.444212,call,10.2784,9.650654,0.754645,-0.281507
154.0311,70.2952,1.172271,0.043838,0.465669,call,88.1615,88.268542,2.191204,0.784451
151.2126,43.4246,1.066646,0.025597,0.212172,call,117.6709,108.957589,3.48219,1.247661
152.3882,66.7661,1.481111,0.058026,0.53425,call,91.2036,93.332876,2.282419,0.825236
61.1106,153.2369,1.440003,0.064672,0.445144,call,1.1149,1.265705,0.398798,-0.9193
117.0258,147.0295,1.677659,0.03376,0.128325,call,1.6491,1.655744,0.795934,-0.228239
111.3553,199.0662,0.218848,0.076156,0.320383,put,91.6314,84.421139,0.559388,-0.580912
63.0067,175.6886,1.534409,0.012143,0.483878,call,1.1918,1.160462,0.358627,-1.025472
83.3552,136.5185,1.076145,0.019306,0.255447,call,0.4027,0.413661,0.610578,-0.49335
116.1444,63.3846,0.241917,0.051215,0.290779,put,0.01,2e-05,1.832376,0.605614
161.4359,135.8922,1.390119,0.059098,0.414802,call,51.7797,49.381467,1.187971,0.172246
85.5593,50.4712,1.461426,0.027548,0.12774,call,36.9212,37.079997,1.695212,0.527808
174.4625,113.2504,1.094892,0.048785,0.583468,put,11.1502,9.854741,1.540502,0.432108
131.8697,106.344,1.608218,0.032287,0.187241,call,31.8425,32.688488,1.24003,0.215136
164.0633,112.7283,0.670471,0.048786,0.113336,call,57.7181,54.962586,1.455386,0.375271
120.8834,87.5704,0.483624,0.056153,0.102661,put,0.01,1e-06,1.380414,0.322383
124.8791,156.5912,0.766395,0.078097,0.299777,put,27.2787,28.268244,0.797485,-0.226292
142.9579,182.9606,0.879096,0.041899,0.542127,put,50.2553,51.3452,0.781359,-0.24672
189.1956,170.6479,1.422274,0.055375,0.509881,call,61.9565,58.954932,1.10869,0.103179
123.7719,146.7179,1.706488,0.050463,0.556023,put,42.5891,42.282935,0.843605,-0.170071
129.2986,131.5186,1.469745,0.032229,0.366891,call,24.812,24.399389,0.98312,-0.017024
140.2995,45.2843,0.430576,0.027714,0.324373,call,87.7356,95.552409,3.098193,1.130819
160.6273,162.8988,0.795812,0.079151,0.29293,call,21.0891,20.419047,0.986056,-0.014042
60.7776,132.6471,0.400986,0.02448,0.123209,put,71.5878,70.573855,0.45819,-0.780472
127.3531,86.026,1.404776,0.065319,0.554761,put,8.5332,8.560627,1.480403,0.392314
122.2387,95.7331,0.571527,0.020261,0.348088,put,2.5141,2.469335,1.27687,0.244411
188.2527,199.0532,1.098235,0.066305,0.327534,put,23.3885,23.877208,0.945741,-0.055786
124.026,146.1416,1.604477,0.023001,0.357584,put,32.0719,33.050295,0.84867,-0.164085
120.2481,120.9051,1.374785,0.077701,0.497077,put,20.5761,20.828112,0.994566,-0.005449
194.33,145.5567,0.666911,0.058019,0.212236,put,0.3152,0.3229,1.335081,0.288992
117.5865,110.3362,0.732447,0.016308,0.45495,call,24.5039,22.093998,1.065711,0.063642
77.1327,119.931,1.341392,0.058522,0.455385,put,42.5743,40.717348,0.643142,-0.44139
82.5374,89.3526,1.143989,0.052253,0.524776,put,18.3158,19.248379,0.923727,-0.079338
64.2781,114.7751,0.283148,0.033628,0.104342,call,0.01,0.0,0.560036,-0.579755
50.0852,156.5507,1.760584,0.028252,0.185198,call,0.01,2e-05,0.31993,-1.139654
114.7918,46.7901,1.073965,0.060313,0.335523,call,71.0616,70.957125,2.453335,0.897448
165.3864,175.1547,0.999386,0.061895,0.52527,call,36.0969,34.54631,0.944231,-0.057385
160.02,88.1065,0.477035,0.032904,0.582558,put,1.1721,1.301311,1.81621,0.596752
54.8224,156.0352,0.816288,0.071336,0.397434,call,0.0281,0.028535,0.351346,-1.045983
135.4974,149.2633,0.732367,0.028818,0.206067,call,5.3071,5.464029,0.907775,-0.096759
73.1425,150.9468,0.614398,0.014891,0.192292,call,0.01,3e-06,0.484558,-0.724518
191.1614,143.3819,1.178072,0.051991,0.419722,call,66.7061,65.4941,1.333233,0.287607
75.1047,203.0473,0.978323,0.017495,0.205035,put,124.0159,124.49684,0.369888,-0.994555
143.9959,126.4185,1.789476,0.029366,0.376544,put,15.7857,15.883929,1.139041,0.130187
98.9358,164.4942,1.888554,0.045503,0.517406,call,15.067,14.30462,0.601454,-0.508405
146.2342,159.9264,0.517,0.030045,0.29491,call,8.0973,7.976912,0.914384,-0.089504
111.8388,80.1655,0.2902,0.02505,0.289236,put,0.0752,0.075073,1.395099,0.332965
163.9465,88.162,1.592141,0.059223,0.11807,put,0.01,3e-06,1.859605,0.620364
84.6019,112.0829,1.990237,0.04829,0.227042,put,24.4242,22.369896,0.754815,-0.281282
185.8688,87.2086,1.74084,0.068783,0.449096,put,2.1338,2.115402,2.131311,0.756737
125.0314,102.3463,0.145025,0.050687,0.280196,put,0.1147,0.118008,1.221651,0.200203
163.414,106.4633,0.577401,0.043841,0.179149,call,53.9227,59.613837,1.534932,0.428486
177.4595,142.657,0.18235,0.028288,0.152884,put,0.01,0.000821,1.24396,0.2183
199.8243,77.3813,1.659481,0.065445,0.147527,put,0.01,0.0,2.582333,0.948693
83.5918,176.7296,1.204673,0.023781,0.429567,put,89.1853,89.671255,0.472993,-0.748675
93.0339,114.3812,1.076065,0.026956,0.406311,call,9.1984,9.461551,0.813367,-0.206573
87.565,160.0615,1.153455,0.068911,0.359261,call,1.7752,1.744433,0.547071,-0.603177
89.4307,53.8452,0.579657,0.061883,0.350163,call,36.5515,37.62118,1.660885,0.50735
137.3667,119.8941,1.243113,0.052901,0.176568,call,25.8019,27.038715,1.145734,0.136045
199.0284,44.7973,0.158267,0.012724,0.350302,call,159.0487,154.321183,4.442863,1.491299
198.5417,154.9047,1.327422,0.018908,0.129969,call,51.0985,47.82332,1.281702,0.248189
129.016,98.4307,1.495424,0.044997,0.562929,call,48.7403,51.597174,1.310729,0.270583
145.8541,201.373,1.37875,0.062244,0.129014,put,40.0702,39.587645,0.724298,-0.322552
178.9956,95.1011,0.731023,0.042487,0.311765,call,78.5976,86.873282,1.882161,0.63242
189.94,135.847,1.6699,0.011211,0.100286,put,0.0175,0.019722,1.398191,0.335179
80.5791,83.7559,1.459534,0.022899,0.493075,call,18.1573,18.708329,0.962071,-0.038667
129.2813,145.4191,0.343765,0.051214,0.183085,put,15.8313,14.980676,0.889025,-0.11763
174.9256,119.3972,0.470774,0.058595,0.562458,put,3.8685,4.025577,1.465073,0.381905
95.4803,103.0068,1.310506,0.01234,0.121989,put,8.544,8.907845,0.926932,-0.075875
115.9714,74.6272,0.649891,0.013033,0.510394,call,44.6748,44.594341,1.554009,0.440838
197.8432,58.9586,0.326923,0.028292,0.428319,call,139.6859,139.427344,3.355627,1.210639
197.757,60.3795,0.394441,0.015845,0.224868,put,0.01,0.0,3.275237,1.18639
185.916,209.8368,0.414673,0.047936,0.20121,call,3.4604,3.146903,0.886003,-0.121035
169.7673,110.0928,1.007803,0.018659,0.278839,put,0.8342,0.845505,1.542037,0.433105
90.3696,40.3281,1.254032,0.055375,0.514201,call,53.9601,53.655296,2.240861,0.80686
98.1275,201.9979,0.435164,0.064406,0.530978,put,96.7332,98.716512,0.485785,-0.72199
132.0924,43.3966,1.453744,0.077936,0.187643,put,0.01,0.0,3.043844,1.113121
134.1166,111.1596,0.633924,0.076388,0.276724,call,31.968,30.108293,1.206522,0.187742
125.8254,161.9712,0.69196,0.029136,0.218746,call,1.3286,1.225782,0.776838,-0.252523
145.5005,195.4819,0.524647,0.012059,0.161321,call,0.0407,0.042739,0.744317,-0.295288
111.2485,161.1907,1.591892,0.033059,0.423225,call,12.2419,11.602755,0.690167,-0.370822
162.3761,118.8164,1.923646,0.059594,0.272936,call,61.2528,59.614047,1.366614,0.312336
100.0325,205.6551,1.03575,0.014186,0.212692,put,107.6287,102.627522,0.486409,-0.720706
99.6015,46.6843,0.179858,0.03518,0.532999,put,0.01,0.001429,2.133513,0.75777
69.0839,207.7717,0.595082,0.030862,0.474159,call,0.0185,0.018814,0.332499,-1.101118
78.3068,184.3966,0.400296,0.025354,0.486881,put,109.1392,104.260799,0.424665,-0.856454
177.5781,197.9181,1.701248,0.059429,0.119598,call,10.9376,10.438832,0.89723,-0.108443
116.9424,83.3113,0.261223,0.056137,0.557565,put,1.5408,1.42819,1.403679,0.339097
84.1802,64.2179,1.936305,0.047485,0.387369,put,5.6041,5.548921,1.310853,0.270678
163.9012,152.7636,1.218176,0.073754,0.351901,put,13.0977,13.168157,1.072907,0.070372
133.0972,127.6961,1.083706,0.01722,0.105293,call,9.0805,10.355364,1.042296,0.041426
53.1734,128.9386,1.709966,0.020478,0.548831,call,2.9715,3.232744,0.412393,-0.885778
97.4542,197.1853,0.15234,0.036841,0.371945,put,96.6831,98.627452,0.494227,-0.704761
76.5502,145.4138,1.57659,0.055912,0.512577,put,59.906,63.396684,0.52643,-0.641636
148.3809,92.8809,0.321548,0.050886,0.427755,put,0.2493,0.239193,1.597541,0.468465
91.2547,108.0113,1.697478,0.015183,0.498347,put,30.4605,32.596254,0.844862,-0.168582
59.742,62.6943,1.105435,0.07709,0.446466,put,9.5866,9.833285,0.95291,-0.048235
58.2402,72.6934,0.216146,0.031355,0.560482,call,1.8896,1.93447,0.801177,-0.221674
137.2591,64.3695,1.683166,0.035128,0.212742,put,0.0123,0.011074,2.132362,0.75723
53.2585,177.7495,0.151897,0.053654,0.20105,put,119.3058,123.048259,0.299627,-1.205218
177.3188,159.8285,0.362904,0.076162,0.456271,put,9.5014,9.290992,1.109432,0.103848
73.3096,130.1587,1.615867,0.056388,0.350697,put,48.8907,48.416861,0.563232,-0.574063
140.985,103.6425,0.983255,0.076834,0.399581,put,4.2208,4.038008,1.3603,0.307705
116.7032,153.644,1.774639,0.023131,0.454271,call,19.04,18.263215,0.759569,-0.275004
116.4277,178.1939,1.307316,0.053317,0.373714,call,6.6374,6.648552,0.653377,-0.425602
60.7696,189.8096,1.284705,0.068022,0.493847,call,0.5962,0.652352,0.320161,-1.138933
170.4128,132.9928,0.655247,0.045632,0.259434,put,1.3293,1.344994,1.281369,0.247929
183.9579,179.3805,0.353993,0.035352,0.529495,call,26.1371,26.163171,1.025518,0.025198
51.6525,126.922,1.926228,0.078933,0.153838,call,0.01,0.000937,0.406963,-0.899034
76.7906,120.6701,0.299116,0.019869,0.417002,call,0.2,0.208024,0.636368,-0.451978
185.5856,187.1234,1.10512,0.038765,0.545066,call,46.898,44.366551,0.991782,-0.008252
132.424,105.6836,0.61788,0.071136,0.226347,put,0.5821,0.581714,1.253024,0.22556
72.5059,107.3052,0.601867,0.073034,0.263417,call,0.3036,0.318776,0.675699,-0.392008
80.4186,91.8349,1.229714,0.078627,0.252721,call,7.5476,7.724785,0.875686,-0.132748
148.9979,128.1793,1.616075,0.071939,0.382132,call,50.7709,46.304855,1.162418,0.150502
158.7225,132.6245,1.576641,0.013567,0.306436,call,40.6591,39.351566,1.196781,0.179636
139.914,152.2784,1.750723,0.075084,0.15398,call,15.3444,14.579547,0.918804,-0.084682
192.9723,113.1854,0.656515,0.039972,0.545644,put,2.9396,3.101634,1.704922,0.533519
124.1095,77.0323,0.984928,0.055613,0.202338,call,49.4431,51.207063,1.611136,0.476939
95.0408,187.3632,0.117736,0.037599,0.36704,call,0.01,0.0,0.507254,-0.678743
121.5849,98.8201,1.519029,0.066957,0.397402,call,40.743,40.370666,1.230366,0.207312
103.9499,196.9004,0.674452,0.050314,0.120376,call,0.01,0.0,0.527932,-0.638788
83.6624,75.2501,1.166838,0.069188,0.147856,put,0.7079,0.725874,1.111791,0.105973
56.8945,135.2098,0.421671,0.023564,0.585845,put,75.7133,77.117282,0.420787,-0.865629
102.8319,131.2246,1.656859,0.022949,0.432256,put,36.9759,38.505023,0.783633,-0.243815
156.7114,180.8701,1.652817,0.040826,0.116783,call,4.7424,4.785569,0.866431,-0.143373
52.7657,63.6047,1.767161,0.010333,0.4971,call,11.1225,10.535559,0.829587,-0.186827
115.8768,194.6893,0.18728,0.0585,0.354271,call,0.01,0.002767,0.595188,-0.518878
146.6014,130.3428,1.985672,0.030724,0.1376,call,26.9369,26.478049,1.124737,0.11755
141.5606,139.6386,0.570781,0.049011,0.440376,call,22.8247,21.350672,1.013764,0.01367
166.4973,126.7283,0.687924,0.0149,0.349676,put,3.5943,3.627628,1.313813,0.272934
171.578,46.1242,0.573738,0.021945,0.20246,call,122.6978,126.030821,3.719909,1.313699
156.7559,124.5054,0.608312,0.0536,0.538851,call,47.5779,45.475962,1.259029,0.23034
65.4197,84.8034,1.150057,0.031396,0.24569,call,2.0118,2.116496,0.771427,-0.259513
121.2534,98.257,0.55564,0.025031,0.242278,call,25.33,25.358755,1.234043,0.210296
140.5109,150.3473,0.848165,0.026019,0.236387,call,8.9651,9.457332,0.934576,-0.067663
86.8349,124.6085,1.345653,0.025037,0.483728,put,39.3235,43.380747,0.696862,-0.361168
56.3828,55.8471,1.68845,0.0536,0.453059,call,15.1734,15.289674,1.009592,0.009546
83.5385,52.417,1.416209,0.021738,0.551573,call,35.6776,38.083979,1.59373,0.466077
118.2342,71.5618,1.229213,0.035389,0.21467,put,0.0797,0.079733,1.652196,0.502106
112.0895,72.4505,0.380684,0.058152,0.493182,put,0.8197,0.775874,1.54712,0.436395
76.5,143.4111,1.65062,0.045957,0.386523,put,65.2559,59.718308,0.533432,-0.628424
173.6623,70.2285,0.170822,0.05181,0.25434,put,0.01,0.0,2.47282,0.905359
188.853,189.8923,0.601964,0.027563,0.117727,call,8.3394,7.934499,0.994527,-0.005488
80.2022,75.6593,0.208412,0.07529,0.509474,put,4.7505,4.657422,1.060045,0.058311
189.4359,55.4923,1.368115,0.038972,0.220536,put,0.01,2e-06,3.413731,1.227806
52.6791,188.8768,0.799905,0.030087,0.415872,call,0.01,0.003538,0.278907,-1.276875
188.7444,90.2057,1.338892,0.073303,0.374434,put,0.5841,0.539407,2.092378,0.738301
192.7893,112.3218,0.759359,0.05587,0.102225,call,80.6669,85.13312,1.716401,0.54023
51.8078,203.0345,0.965907,0.052976,0.597172,put,151.1188,141.345704,0.255167,-1.365836
164.4529,200.5428,0.970126,0.072071,0.507165,put,48.3102,47.047179,0.820039,-0.198403
195.5302,161.5359,0.186603,0.014098,0.343236,call,33.862,35.599792,1.210445,0.190988
185.8853,51.7196,0.91743,0.068638,0.440171,call,139.4723,137.329814,3.594097,1.279293
195.6065,140.8678,1.318022,0.057451,0.338297,call,77.1802,69.741506,1.388582,0.328283
132.5485,208.1432,1.137499,0.035199,0.472293,call,10.1201,9.397793,0.636814,-0.451278
61.7234,200.9758,0.243039,0.027945,0.167164,put,134.3568,137.892009,0.307119,-1.180521
177.4684,58.0204,1.369306,0.017336,0.323175,call,116.5209,120.822411,3.058723,1.117997
142.0742,107.3144,0.686839,0.075875,0.267769,put,0.7843,0.780301,1.323906,0.280586
142.2105,93.6412,0.127426,0.019934,0.329828,put,0.01,0.000597,1.518674,0.417837
112.588,62.0538,0.395632,0.028161,0.325236,put,0.01,0.007276,1.814362,0.595734
135.7763,158.1157,1.045363,0.058378,0.171547,call,4.9417,4.765137,0.858715,-0.152318
73.037,86.5542,0.689763,0.059711,0.588244,put,18.84,20.582374,0.843829,-0.169805
160.9655,98.6272,1.419328,0.021254,0.107746,put,0.01,9.1e-05,1.63206,0.489843
61.2526,55.361,0.557242,0.066989,0.105036,put,0.0689,0.069639,1.106421,0.101131
159.4671,124.6545,1.568313,0.04572,0.286721,call,48.5144,48.424569,1.279273,0.246292
177.3468,66.8885,0.644307,0.069392,0.410188,put,0.01,0.009353,2.651378,0.975079
120.8703,113.4554,1.279641,0.01611,0.189827,call,16.4596,15.528254,1.065355,0.063309
126.4746,64.3682,1.618511,0.012998,0.366597,put,1.2749,1.215015,1.964862,0.675422
96.8321,202.1545,0.832557,0.054589,0.461386,call,1.1507,1.195917,0.479001,-0.736053
195.4188,64.647,0.188929,0.020502,0.14703,put,0.01,0.0,3.022858,1.106203
159.9687,128.7208,1.117346,0.046746,0.592211,call,55.333,56.602567,1.242757,0.217332
105.3483,73.4866,1.991277,0.010988,0.26835,put,2.4436,2.668889,1.433572,0.360169
76.2211,52.9815,1.941085,0.064595,0.421208,put,3.8462,3.867425,1.438636,0.363696
82.9369,74.3925,0.519942,0.072967,0.15536,put,0.4215,0.38504,1.114857,0.108726
119.5883,49.3116,1.535823,0.068722,0.454743,put,0.5749,0.629662,2.425156,0.885896
191.3853,63.6976,0.755408,0.077085,0.520228,put,0.0783,0.078394,3.004593,1.100142
160.122,123.8923,0.404518,0.073217,0.152643,put,0.01,0.006187,1.292429,0.256523
82.2866,150.8086,1.365238,0.041081,0.162932,call,0.0119,0.011613,0.545636,-0.605804
178.9342,54.8478,1.051651,0.037884,0.240524,call,120.152,126.228642,3.262378,1.182456
106.7301,114.9732,1.124538,0.072733,0.105968,put,4.0688,4.381724,0.928304,-0.074396
177.7583,138.812,1.672046,0.074886,0.593026,put,20.5286,22.049145,1.280569,0.247304
86.2549,79.8184,0.739433,0.078099,0.399192,put,6.8132,6.387432,1.08064,0.077554
142.7991,103.2533,1.36748,0.063782,0.403795,put,5.4293,5.710345,1.382997,0.324253
189.0006,52.2119,0.795764,0.024139,0.579481,put,0.089,0.091496,3.619873,1.286439
88.6841,77.4223,0.181175,0.076147,0.516015,put,2.9377,2.657084,1.14546,0.135806
153.939,119.348,0.818229,0.0763,0.507121,put,8.2989,8.615583,1.289833,0.254513
198.0969,208.3752,1.905065,0.056629,0.269751,call,34.8758,34.288577,0.950674,-0.050584
72.5897,209.3651,1.018199,0.07001,0.267432,call,0.01,0.00097,0.346714,-1.059256
63.2603,206.5357,0.305638,0.049282,0.245869,call,0.01,0.0,0.306293,-1.183215
151.1293,111.9247,1.406871,0.076089,0.273348,put,1.8449,1.977197,1.350277,0.300309
100.9604,53.7157,1.930421,0.016576,0.284754,call,47.7189,49.484274,1.879534,0.631024
60.6867,95.0075,1.825096,0.070477,0.170002,put,23.8163,23.461459,0.638757,-0.448232
121.2958,80.4114,1.186726,0.013885,0.277974,put,1.1531,1.050776,1.50844,0.411076
163.0656,42.4015,0.814933,0.033737,0.323374,call,117.1755,121.813989,3.845749,1.346968
92.7684,56.1897,1.203288,0.019473,0.254674,put,0.2252,0.231187,1.650985,0.501372
100.257,117.0426,1.650269,0.043539,0.182673,put,15.0144,14.705689,0.856586,-0.154801
176.8549,97.7426,1.736351,0.026257,0.286705,call,86.9797,84.365529,1.809394,0.592992
128.0108,70.6601,1.655803,0.076645,0.340454,call,68.8372,66.572516,1.811641,0.594233
