PC1,PC2,PC3,PC4,PC5,PC6,PC7,PC8,label
0.6472014724795976,0.5780384090618473,0.44647773687980896,0.21988679854474785,0.4703559908082282,0.563236465748949,0.5089949633777203,0.2684214835597124,0
0.5537874476296315,0.4537378490297035,0.47754539248161615,0.47996812083723606,0.5419640031353556,0.27838993451015204,0.347474203312947,0.48299357483522687,0
0.7445271710026401,0.5222449944356072,0.5193164642298068,0.5572768375404467,0.687415253585728,0.5595238693605695,0.630422563882552,0.4936888131470202,0
0.49397357985348805,0.5147710378495282,0.0,0.6845790894486762,0.3633572217476114,0.3152308154097069,0.5575826349030535,0.31788621334200284,0
0.6961726505581147,0.405623844910272,0.47336627476328297,0.32415672972004317,0.40077167754973264,0.23108934785146368,0.6544610239491033,0.559892484295387,0
0.2365199604152442,0.5288178929259025,0.5921047861855729,0.35447723855322244,0.448147372100943,0.36936959341839426,0.2741256537913651,0.6311440162129448,0
0.39495840227230716,0.694991219342145,0.6818583120581279,0.49997742798040024,0.601572097619009,0.16908924110544332,0.5617007622820367,0.5204059862617902,0
0.7057317421797269,0.6853541092983769,0.5722256736729411,0.6696884690035402,0.4587977745001793,0.4973652726096422,0.3354018720938557,0.41162347254262427,1
0.47016061334979786,0.5195720448981591,0.27191313458055805,0.10800016086294367,0.5189784243084615,0.6768030163723309,0.4085628579747374,0.25481127898932565,0
0.5328097322392193,0.6590726017964534,0.7939336099064824,0.6763997985944432,0.39637854171322384,0.7158530687577451,0.5756539035981965,0.468716558868162,0
0.8827991492306719,0.6541021239856208,0.45170672157211395,0.4636067851472544,0.5187306925419474,0.4859468097657986,0.4094535271826355,0.6287011786720945,0
0.4183837137746725,0.7544900146635951,0.594521563801851,0.8964848892080517,0.5525626091654503,0.47058044739828714,0.569200890647603,0.3797399622702969,0
0.8499447121389712,0.5254151610691307,0.6704359399414662,0.6722109808203995,0.566847068656759,0.6101535950224688,0.5445724752614366,0.5333216619642508,0
0.3223627598252218,0.46976629617343557,0.7387116424456991,0.4582470101684782,0.44960940668566884,0.3632865649129686,0.6526363522615897,0.38521508132483184,0
0.8032745076412647,0.5364777381177992,0.38296137585779444,0.7490799309899904,0.7670625399302271,0.45112340414775154,0.33960873836994043,0.6226479635546391,0
0.6049133391979226,0.8131999503048597,0.507204778671544,0.47531228988288005,0.6199166729582786,0.19424979804154824,0.21523727179628427,0.2583844362015005,0
0.32621709142243355,0.2497311227628604,0.479906426941979,0.5858418307242502,0.411244565502238,0.5374569197049609,0.6164642979517826,0.5345074882459464,0
0.5256402475181673,0.30640781804853845,0.9168388094617583,0.6658335145315468,0.43212539759204355,0.6849135217268905,0.30417371422825434,0.5841453131724241,0
0.3404695469054711,0.6383946064188364,0.507136263610581,0.45125749704552903,0.5877031233838177,0.35289060087414714,0.22354378018748006,0.5396409650503831,0
0.7955775932131498,0.30626909947529196,0.7463231311879507,0.23520842405061426,0.6861452701918553,0.48185585925757196,0.39989742228047154,0.522728264916229,1
0.6060828842063362,0.5073823537553114,0.23083787244239212,0.7925525958167497,0.6050832357476572,0.46262338202142833,0.7930554886905511,0.6163810618670928,0
0.3430504397842827,0.4836855827889146,0.48306351257099994,0.6173221386829475,0.3775448933776736,0.454214820270906,0.6560455869534794,0.10368638438946598,0
0.872367465493409,0.48431521089216584,0.5495338480090157,0.49272470169214455,0.3761526727244833,0.5621843725709916,0.33377408798195174,0.624385910310546,1
0.4664001998083029,0.7280167719688915,0.5652786280608463,0.5187002574457353,0.5579356449563314,0.4480510329909212,0.6100455201767776,0.39465428492114707,0
0.6971411479264371,0.2505838075260812,0.5476723248714548,0.28776814963230335,0.4855368685031825,0.8843787910006353,0.6102667332594905,0.30166093620730916,0
0.49947890117813015,0.3523293748441618,0.6976846837399476,0.4902955926404383,0.5776026166948721,0.7218641338554013,0.26926425736667103,0.2865392878437958,1
0.702418908474294,0.46330789090062763,0.7082441254585196,0.435671808591963,0.5734708680570484,0.58385066591968,0.6410155812033619,0.5380664363228065,0
0.7375276871298756,0.8158470884902302,0.5170478006693027,0.44318376889732225,0.4652526972815004,0.32926017151829623,0.48967678475071325,0.4435800255530367,1
0.1843985427388511,0.5408172372410555,0.5742158443326215,0.7558801536307244,0.6178048181743847,0.39042206169229815,0.44417507449467186,0.3291482032828494,0
0.6032979898431168,0.3848987403737526,0.5707193175511621,0.3562460814321604,0.47316680081720064,0.47276592862899797,0.5537655593150953,0.9503971565459487,0
0.5363057136005147,0.4951057946043864,0.7258983285761988,0.36372999273384243,0.45256486101775084,0.5900225265049903,0.4217928963329405,0.30642780047217943,0
0.7265069514411875,0.9013735810068915,0.34023187514703346,0.5033746591983693,0.6972245010097102,0.5157112380942946,0.525783520805406,0.39701133812172273,0
0.6144712960822347,0.4239036762823307,0.5158543515003582,0.5214875281379144,0.7907760919947617,0.3352745282070322,0.6017814335373759,0.532452071217435,0
0.8782163386407624,0.6352946282000079,0.7403925207655697,0.5909789217327428,0.37999000552741125,0.4234163685689649,0.5695823076570871,0.5468940433517752,0
0.546528624021282,0.6373314252594786,0.5913839025300193,0.4093903807643346,0.16306211810695542,0.2555644113415243,0.47935354711682565,0.7580420462676443,0
0.5319078040529125,0.5052240566309244,0.946913789284558,0.5522727621321051,0.4669402501252524,0.48090230068873085,0.6346950379921643,0.4564167006960572,0
0.6760586721715367,0.5947845376562341,0.6402367372963326,0.07493491367155514,0.6321880221268042,0.3508671659103657,0.5744502793185607,0.5393035415395743,1
0.38135331529710303,0.49346244688014484,0.33099029555651516,0.23872925749354396,0.49413442938263397,0.43635729596391454,0.6353250875493479,0.516374944360599,1
0.5274721338024294,0.5263299255438831,0.3567152671562195,0.38291577559023726,0.25880649192323313,0.40795245081771336,0.5964806055339883,0.5413851500742866,0
0.5789481225358266,0.3765447063226194,0.6987833087113361,0.4167208139251469,0.4133636697065931,0.551040764001217,0.6457782670027316,0.4048851427663568,0
0.7711121946067638,0.5270932717369496,0.2129173536885709,0.5307571549719596,0.35219378749574587,0.29466920519897766,0.46302181824230326,0.5189053815992527,0
0.7289439712026593,0.43494055536897525,0.4879471536181229,0.5386573042476867,0.4921685893276594,0.5665715669487068,0.4472161784241062,0.661563950302657,0
0.5887958623621771,0.5432196984308917,0.6168530291736086,0.0,0.6070547012524535,0.487366983293722,0.45694112421617306,0.4856834945833576,0
0.6787053265961357,0.4153867246616201,0.5270158111329246,0.24839356285137032,0.4789612024200567,0.3857201441291167,0.34604404431166413,0.6980037473449772,0
0.5797067145146887,0.5839140910155425,0.7074692631778292,0.4989830623188056,0.5577475489543993,0.39497757147900947,0.3297956407054956,0.48233667492180893,0
0.25389364504861445,0.593883948813118,0.6112781623715244,0.6985176146358378,0.5481075080812228,0.3432752383657215,0.6332494220874967,0.4984023649979129,0
0.6878617840401311,0.6731530809429436,0.4620056778451951,0.5849565819344619,0.75196217265242,0.42411276046840474,0.7027659058161289,0.5217891951509477,0
0.581279772948678,0.2792737854017904,0.713199796693139,0.24265118102556127,0.41322712827974406,0.4431425368930076,0.3512191470720667,0.5783656618050128,0
0.5632751129666649,0.5804101980293784,0.4923328069693527,0.48434588847990606,0.5134961472269254,0.4784731669643044,0.7085117367834588,0.6628637059908562,0
0.7270931846676602,0.6260252048127006,0.6255575411337665,0.39573647524663913,0.43230612004879665,0.5022711872721336,0.5231449945449901,0.5207968206520049,0
0.518278982470155,0.7374999817583957,0.4364395729917317,0.3696133693760012,0.32919046436924776,0.4092079632239426,0.5487242189040331,0.5781259264353149,0
0.6782993250216138,0.7352340806741982,0.7134084838562433,0.7454962856112848,0.47886048642323575,0.4140500215272529,0.48194530162935434,0.369584919330729,1
0.47048147679769287,0.283353275502394,0.4206999693844794,0.430163233675281,0.55061335274161,0.36072253773659724,0.42637472418898814,0.23432356379442354,1
1.0,0.5861666148890865,0.510851197010131,0.6143375055108333,0.5424844819502697,0.49657652645064,0.3141143892648034,0.6500456854333685,0
0.6359517952888888,0.5616466101187043,0.2567633140080691,0.4205471262163055,0.3132812382650248,0.5667630056445908,0.3877372118272294,0.3469784872235348,0
0.6267488623675829,0.4535702335158059,0.3885054851501844,0.22556208039298414,0.5084757525180978,0.2717514757028733,0.5519597224380767,0.4551652693360159,0
0.4418768793111401,0.6014325748996369,0.6777918338651642,0.3656135772471767,0.6423077689790988,0.6115527741880002,0.5336707969413486,0.4114268347752434,0
0.63087952808725,0.5776027659794866,0.6663222218930607,0.6588946616598532,0.6168777380304973,0.7607261386723632,0.6106046088525485,0.3283003563163567,0
0.5061290645769184,0.5556964135025277,0.6730345631050294,0.5209761653457733,0.6253151016534984,0.5258056338155155,0.6444864132464385,0.25427453621114404,0
0.58067255985526,0.3646342996002735,0.3283987338338331,0.44153603625564564,0.3527894776397448,0.549063518882985,0.8623638047546465,0.45650231502937105,0
0.6943247207402404,0.7667176247090401,0.4639281858782724,0.5890595169591162,0.42165076481222447,0.5591908568545558,0.511959688507816,0.35903764560224904,1
0.2940260906015561,0.4458155562034321,0.5979307065046963,0.5004762518825909,0.7779445401267366,0.5116483872435043,0.47883707543527615,0.5999148971564731,0
0.5180599871732979,0.32998337308363856,0.6843805560081699,0.5539236695145573,0.4511831124022223,0.48642731371830056,0.508836650489626,0.17504360896884125,0
0.497991249530803,0.7566651640723191,0.6003176036711225,0.2937670297215367,0.5501163962938694,0.164580064009673,0.4873032706601526,0.6341225775149424,0
0.5241217474051377,0.5770338148996836,0.6068574049869033,0.5626665862849696,0.7477602592193326,0.7985541508212827,0.3849957847605524,0.431496412084299,0
0.7423084880517744,0.4877541554015348,0.35823506745096545,0.4880442235495665,0.5148146335921922,0.5895648882628662,0.35099405895622693,0.5768770522658164,1
0.44867743530875887,0.4392059983006522,0.3428344782413648,0.20879001208171105,0.5802718626879131,0.4320194665169419,0.5851208427836682,0.42544181196477227,1
0.7461997011799989,0.6680537870587687,0.6093038981016323,0.7983286055989276,0.7950668435773987,0.5939978208721758,0.17585524196892782,0.6090125555775693,0
0.7053843589049862,0.3435586401982983,0.571894953124775,0.8144479567548739,0.2915396102569265,0.29353409203054165,0.6151733141603988,0.21627873198987418,0
0.6463585276045736,0.33533545995872327,0.6491807070189839,0.5991445295106366,0.6240856466935659,0.5478192217583768,0.36259277054290806,0.5176275323527155,0
0.9171674022475494,0.22042893653777507,0.3870648105295811,0.8022013806707307,0.5660349224986878,0.45429807352132723,0.5928460074532368,0.20414634279840477,0
0.47539337310551155,0.5646707189889217,0.5647626171026292,0.4237018240892537,0.4100042040678469,0.8011583655237813,0.42033830426648344,0.49485949679819197,0
0.7352623558962859,0.4059771273944223,0.3879281059202745,0.4598909628762712,0.4484449297013985,0.7127578622643206,0.4481309747748855,0.6314983237775987,0
0.7944661866416838,0.4257086433229638,0.3059277463927445,0.4698558637609599,0.567107515661818,0.18713503644444063,0.04326238194926668,0.32625343564117926,1
0.5176999143807366,0.28509197621290855,0.5125593903355847,0.6709193911064976,0.6315586968237956,0.5711602809898596,0.3047133250834895,0.23392807090630477,0
0.7755807464042137,0.41474687742237326,0.40061341255324623,0.4210492034186791,0.38447013475707625,0.5000058002911083,0.6781118831170464,0.4617072440543687,0
0.3403542950758506,0.7466217574762863,0.5981316070795937,0.6634625451179583,0.5758717915296826,0.6177563974413827,0.7257000289013944,0.40524889612265536,0
0.8317156881110177,0.47153696530887795,0.47517856475318787,0.4902165408740151,0.6474726395237693,0.24850882880479735,0.3921664860440121,0.4340215522951973,0
0.7584674591230046,0.6550438895736449,0.7530950062952037,0.47054364172169727,0.37844696781899806,0.553056942372592,0.3971781599679254,0.2761057694122112,0
0.6532555314215285,0.477864167348574,0.30457456614802964,0.4193380146280807,0.4252953982425961,0.4383286543425779,0.5735578461369973,0.387525103309069,1
0.5723704576865044,0.5999864130602607,0.38299676368849056,0.026264113654494214,0.46268071813949413,0.36016881157174085,0.6357505684141009,0.4739372194424549,0
0.6437339083991379,0.31711452124007633,0.5406749552942397,0.3520371465230169,0.4702342163047113,0.7348588620010568,0.42141428062636266,0.5830718690724487,1
0.7204562506015961,0.6911606837611025,0.6256785612515958,0.38198889827488325,0.6818822975560013,0.5752831162102833,0.26428150169164444,0.4834752821839109,1
0.5226119275529616,0.6678273268761068,0.6255598330885788,0.26575416736316076,0.6854761292315791,0.7424149036081678,0.553575382605197,0.3150631012758576,0
0.564235555199186,0.316226356059547,0.26402354705584025,0.47819933002370174,0.698134558899838,0.5480446948971516,0.5510038093133811,0.55350174200711,0
0.5782309863682895,0.6237194213505035,0.3108676514050307,0.4464337643410109,0.5628898056348434,0.72514382955691,0.2624397618748818,0.4084705165315083,1
0.6915862014844687,0.348860892049782,0.7219193596784106,0.5757441013759288,0.6606124941598476,0.5616022095302492,0.5106164356233849,0.5517937422178252,0
0.753232068666572,0.29889593531983005,0.5757696859250974,0.6215467240215062,0.6705668592736278,0.4346175259109348,0.40418494162181623,0.37161536805364964,0
0.4443153130916865,0.41932895900798733,0.7528560741141479,0.4373313362256642,0.37660214989091645,0.32868983995378126,0.5433243186636935,0.4525486130191908,0
0.5883517875978099,0.31859226839819893,0.49169184566033214,0.4953442597406613,0.3052710038608433,0.24394635000640671,0.38989233349598923,0.5060543416955033,1
0.8075897317493572,0.38377074021664437,0.2938641898425097,0.913599163359483,0.5710539136967254,0.515665533304546,0.5933719702489593,0.37103207138060906,0
0.47653824983101983,0.2576022108713295,0.6335360700199943,0.5728246601107194,0.5654081031303401,0.6185622402180296,0.27956330507025173,0.45101067929903527,0
0.8417684396596554,0.48039256021434584,0.5090471373277279,0.39545065475393554,0.47479549894707346,0.6112761201906397,0.4507043163056872,0.2344914418923245,0
0.5589864621760929,0.5070367033246604,0.35508170202307143,0.49013714252451074,0.6440655037150479,0.5666048087265194,0.3854759225510788,0.8966655227030182,0
0.27053740503887636,0.6518662283361031,0.6767454283035212,0.5253648940224118,0.42142674800791935,0.6113572756723781,0.48531021253557005,0.4511268726819481,0
0.38685341961149744,0.3906457201895891,0.7966615328118083,0.7581895444066558,0.597536232217498,0.4404276262171861,0.5733356894079993,0.6360440453188637,0
0.4596834243587629,0.5079831015600037,0.40321213465324635,0.6554455511105487,0.351673936439079,0.4902259491795853,0.3085009471352178,0.45803928887549666,1
0.7400060995359306,0.5754601751221846,0.4969015707802316,0.41522735709920267,0.6588022244232682,0.5097235771368788,0.48135256097481033,0.503365402052685,1
0.5759434493574606,0.4895590494241821,0.668544223318274,0.5123050069435015,0.5298692479719378,0.6885325758262348,0.5790812886582298,0.29073316560912676,0
0.5752324890526376,0.5671369584926894,0.6201100449027226,0.5271193353596836,0.3245466362795938,0.5543311403660152,0.5293504032710431,0.6306955937917975,1
0.5713854706402942,0.4998471857484815,0.6781029801293808,0.21996142530025226,0.3261528936735581,0.21216094769549815,0.441271857229673,0.4385629454488707,1
0.526502099593756,0.7769784000165159,0.47629787298574133,0.7121927418835556,0.6132662552017142,0.5481568647267046,0.5641154795323523,0.6242029153281852,1
0.7017661050926582,0.555195840686285,0.500669068300248,0.37783882242664746,0.6483057429945921,0.5811406267292853,0.16678351959628973,0.46553000495606933,0
0.5486649710659878,0.39119795002345237,0.888878696860764,0.7489409468558763,0.3476270596411579,0.25799700383851154,0.5229623311598719,0.3857382081370961,0
0.45274344825657403,0.47444369224335203,0.3297516224126674,0.6062608872599486,0.23041578127108542,0.7074046426511253,0.34146777971967457,0.3302993298780716,0
0.5870893378495222,0.7511743151453308,0.6828511302415727,0.24749038969977144,0.7030774262677344,0.24494499573126788,0.40323879146302355,0.46547554825184273,0
0.3009857840144779,0.30774926088890286,0.2090328076121855,0.3390318245117878,0.7309023701765198,0.5755277759160861,0.4592401616150675,0.17746413727091148,0
0.7161229276308121,0.6640522226963743,0.6444241525452804,0.5571882685729257,0.5437933642364376,0.5439042365107393,0.49244731870235314,0.20916167779800213,0
0.7190366985204726,0.8286984160289077,0.658347235593143,0.4904446053099565,0.40655569393045343,0.3489846833319439,0.48309455597144996,0.46242009257453515,1
0.3420903027903054,0.8006225843679535,0.40847199373476123,0.5039431152829896,0.2423604274039594,0.4905908901184769,0.6195339112472227,0.7625545495533677,0
0.4122470331538183,0.6710402594173841,0.2825013604228187,0.7012565188645759,0.47158267211571375,0.23448961404315122,0.4801309004208442,0.7084736088236561,0
0.4931293173486491,0.5472099420977773,0.6960307880928538,0.3078903955707853,0.6626516262166718,0.40673038714918247,0.5258624508142203,0.6101651558211887,0
0.2950860110012356,0.1627665886291999,0.2706552024379885,0.5018463619399657,0.5734595212716775,0.3295331745164769,0.5076862843247094,0.33030136167088076,0
0.3979212543037462,0.522161840856425,0.6695519332813566,0.47542384894269935,0.5445953229217034,0.7339416939912478,0.2770378190567706,0.7140171770006969,0
0.8932424037809596,0.501024455207125,0.45098143565707327,0.37490736771559485,0.42061836393505747,0.0,0.32712144689862527,0.5987897133058312,1
0.6572447764180678,0.4034677616294612,0.881204980321683,0.5088014889124602,0.6355635486083437,0.2215200375191254,0.6327726952553157,0.31347227779296627,1
0.6844369603208275,0.8222051889532898,0.29213698278555245,0.5077552053890723,0.5637072385562073,0.2803433817416887,0.3686444301937569,0.3813595635155722,0
0.6248229075890651,0.6576913811742668,0.552652377477548,0.3755049758734356,0.5055772419043586,0.4128829651449045,0.5121264725284336,0.5742738819688566,1
0.4694524495089372,0.24235636882071354,0.4587408091863416,0.4578834143262063,0.47037546349789516,0.42192084963889254,0.7621258150385017,0.2671678647464729,0
0.6130143402847489,0.26128750145363533,0.49730850122784415,0.8101492480872374,0.5035101247732404,0.7975431738437315,0.5102721862922003,0.5443104475224406,0
0.5191576695652499,0.4413950420565609,0.4801425622039661,0.7286376292762037,0.6288675389884075,0.5670259382283052,0.4118292156697894,0.3556648342584623,0
0.5601895991610715,0.7303406558298287,0.3304317403051807,0.6960819182248823,0.2745824590267194,0.5559686623036947,0.6400484521149342,0.40837660752258853,0
0.39677480269858606,0.6910997768380214,0.21054028333714048,0.43412425334464366,0.5802231012469927,0.3810260602566026,0.5592115747803516,0.4186378181850004,0
0.5345879306061284,0.8344442525377729,0.5363363608572925,0.44185118974929904,0.5831974138638184,0.6898930576486029,0.624062795294609,0.25103387113114844,0
0.6230908585502315,0.5107243762043994,0.2831231904595254,0.7428630194581533,0.6049570976365439,0.4275139185934013,0.4769989288645108,0.5687467973892173,0
0.32775867488809807,0.3326044558451838,0.5665681737048135,0.6210584961391092,0.390787634460322,0.49070811621401766,0.3814482770553279,0.5764280143311076,1
0.6020847847286959,0.575527157764854,0.4353206590033575,0.33962613540865433,0.7257772065033519,0.38935331138430995,0.44364627063945533,0.3453397804143517,0
0.540273361930212,0.35985557294643744,0.667137485483449,0.447677288814762,0.5055231939000976,0.4214400846285362,0.48376030952357574,0.5742401393335612,0
0.5497371669519302,0.612077211069831,0.565495020958917,0.46818150824654203,0.5138184671837228,0.4497973929684656,0.4858270560561208,0.29081262645864225,0
0.5717501656227687,0.4707827487422362,0.7054113832070376,0.5845999468226843,0.3779664373063303,0.5778923317833768,0.295003041641698,0.42818991589921773,0
0.30023313601363316,0.4929304251965719,0.29119282100923066,0.696147686060076,0.20539317015983416,0.47216493814170596,0.4978202613292417,0.6232003806915196,0
0.9081952911441811,0.8034335630655027,0.5811212682532672,0.557997905772561,0.6631953637943016,0.5364398747670328,0.9480495209633464,0.28792481934880704,0
0.5832279243735033,0.4989798534450958,0.3841184944840944,0.7783884683376544,0.6675917635634872,0.8077274909220794,0.38072227124890723,0.35096930893513645,0
0.7340917196968548,0.32666542312310476,0.6086804005819335,0.4399658501456661,0.2685674892991648,0.5941554575193186,0.5681991125160244,0.5028623434745103,0
0.47205956811053695,0.45741354435417186,0.45107065093321996,0.43126334290517193,0.5545495770720023,0.5620945814427379,0.16209502780140977,0.48217054881713645,0
0.44868883809419635,0.3017058430123091,0.30969063371532013,0.7015800608294074,0.6134620991759577,0.5498991345921941,0.5059116509586956,0.5141842821163882,0
0.6169853912524937,0.4459453568385956,0.47210349667965235,0.6045626826703546,0.25624841498478423,0.30227837296791676,0.22397286469992167,0.2900550376702541,0
0.8550878448786567,0.7671791283123165,0.5978952977298928,0.2629552657098875,0.3572726675727438,0.6532632160508872,0.7028250015663142,0.6328386574070566,1
0.38353254609155857,0.7848288055991929,0.42580237794668935,0.578391531404734,0.6204100796871531,0.26937831685013647,0.8030405571646355,0.4555720859603547,0
0.5283736836059789,0.6870326208493815,0.5060215731164132,0.5825827473230641,0.45479077824609393,0.30003212702897614,0.4149258830334599,0.6350724486975341,0
0.6073632930458421,0.5034726056606542,0.4766293828653011,0.6482300328515352,0.569601678666067,0.5763179183524427,0.5606999706999833,0.3059361172970022,0
0.33586452336093253,0.3304113815923187,0.7736589158775763,0.5636510143805805,0.7970520654757676,0.9923569511251802,0.6383921037398075,0.4138200338645662,0
0.7865040942576578,0.7542230855370788,0.5252598518269904,0.5881393419626151,0.4735617991204644,0.22066059208612826,0.3742008702741238,0.3831288713240324,1
0.9403873217940292,0.5593922569526116,0.3205005894542514,0.5457577480870472,0.5023749403978718,0.7000839827793438,0.5277379709372121,0.5960245874435139,1
0.6092370889542404,0.5445265528199335,0.34605964427376024,0.5115503063709794,0.5158186320065539,0.4030858388554057,0.7409655552228092,0.588972749652922,0
0.5106349283776573,0.5210562745300279,0.5110129164109677,0.6700687579125733,0.5587525695954199,0.14037885565434866,0.6564221266450514,0.5719753215090231,0
0.6132959846968763,0.3907845997149436,0.6521952614530766,0.6425604485361951,0.5908100772602035,0.44338242426640573,0.6383751268030321,0.23513134805376285,0
0.41910202939705926,0.5347917992550331,0.4971196989603154,0.3929373749169284,0.5871757103175244,0.7261569141179789,0.29168362389736824,0.4674028600201931,0
0.556934782535814,0.4758447656571823,0.7898363176190328,0.41409641418683835,0.36724866047198107,0.282095532690094,0.6107633107235417,0.662508363370083,0
0.3859706449295608,0.6718330270519446,0.5963771377031716,0.5905198791132575,0.32715035973198814,0.5537963532105314,0.5345834164829805,0.5309851358943913,0
0.44681961247709745,0.7027401363670193,0.45601189043717794,0.4879425963764277,0.5595659717872675,0.5689518747252069,0.5259558796903631,0.18694111074322728,0
0.24431290985805926,0.5253291523944977,0.6717843171861533,0.809535223116149,0.41540078768737076,0.5220515065912054,0.24184644976387096,0.6526135825949235,0
0.37593738199814397,0.3892119591204897,0.4465040734578788,0.7167062938794264,0.6937302202306336,0.6870757419570804,0.4188465336497703,0.5629287099862755,0
0.4961158421581206,0.5272172815690331,0.45942229510403665,0.8157764734195426,0.6402969323079166,0.491386792173649,0.6439506293669743,0.6417949613350786,0
0.632345867354525,0.5360319876449814,0.46415824088265933,0.6217861958810817,0.4598360407627711,0.4294073666245332,0.6620520457507875,0.15015435383104742,1
0.41680237147198196,0.3538660567828322,0.6434243738445157,0.5993073923983258,0.4725443449135721,0.33087538785586046,0.689892964726265,0.509000128525926,0
0.5379268666409898,0.5881517441868287,0.48990731562424217,0.6559443987615794,0.5323197536070562,0.23874609052369106,0.28536712106568896,0.4108127783867801,0
0.7630053050798585,0.4887601007023807,0.2926704660472286,0.7413912932592914,0.7155899754416983,0.6409829856087544,0.4915738837612249,0.4800811093786886,1
0.6942846241876683,0.5237809291742065,0.42841852316990137,0.27174595559280135,0.5268450998167434,0.5564980199368252,0.5720692012393364,0.3061444632209367,1
0.7032490059547367,0.5449212751375224,0.46617894784020486,0.829841386780531,0.27339372202133444,0.20578906441286948,0.4529793091507015,0.2585876449571549,1
0.3216883348459786,0.6480256281897749,0.4972751138950164,0.695380470720275,0.6680862284169532,0.5703962561239968,0.4450312954966126,0.6231676884150373,0
0.6303317932394883,0.5523819900190137,0.5977443944360531,0.5931882896345325,0.4915856299469511,0.9294180255120492,0.5554281037907551,0.7084573702517338,0
0.48686823187491624,0.652645845872974,0.6481457367075654,0.4060882936810252,0.6406783718696424,0.7064615798209384,0.40904082091920263,0.5515068086351317,0
0.7133411129393472,0.4430559406895008,0.40452601887682826,0.6456844378477972,0.5983186379394705,0.7873593976507767,0.5090509576603094,0.6313099232830162,1
0.6783213721167425,0.2456258540549915,0.4508041094327895,0.502588995878924,0.6310294285917629,0.40626274357104925,0.3930044396333796,0.5475943680202922,0
0.5552579306175386,0.4051026433104714,0.7387636633481863,0.6412957242625614,0.45842377061209166,0.2567256768829673,0.331665777778976,0.44382277994382413,0
0.6381613170713487,0.3220027023631509,0.4551073560149558,0.4513709679928307,0.5079645877091431,0.4826728485008688,0.37780357570056844,0.4669790089916188,0
0.4924544802546154,0.46482548329010803,0.40219082393757133,0.658523508105837,0.3361117105043583,0.3366517488740175,0.5086449991244757,0.26230076997465823,0
0.6654491215560265,0.6564512368675277,0.34555647600223816,0.4591953248654198,0.5397716861223599,0.24216389054332207,0.5530963277403469,0.08206009079176979,0
0.5360919702454255,0.3364797341834728,0.5308769841314789,0.39268414591786727,0.5504054656906714,0.5946971407136135,0.6569999303162748,0.6335746832351254,0
0.6610815179806411,0.46063219493977703,0.40414636897281764,0.3644238133113656,0.35771080374821773,0.9032358900593305,0.519851239750414,0.4996365324743812,0
0.6762185868758164,0.5264158383497526,0.4334066980329048,0.33131648956194193,0.4793732874829254,0.7522019526050245,0.5759352314774873,0.8774116528471625,0
0.6876587346888454,0.5912807769559907,0.545475567417609,0.5556887312436694,0.48661500113116607,0.5961761619048032,0.4514002457104669,0.5494039913257167,0
0.7843716738722266,0.518427570528475,0.44517648850730107,0.6448140380858095,0.8270024112042528,0.2679613608063775,0.32642895905264824,0.516707510343227,0
0.45343449944793157,0.47584392767596484,0.6854234036033254,0.5005781665851413,0.4873742190701289,0.6503985540179784,0.5355723307785762,0.31464302618130446,0
0.5619444218310685,0.5593012567733179,0.39566412812826096,0.6499891920076214,0.39586600351500906,0.22121085648503647,0.48330645563410285,0.7970922062546191,0
0.5851686177484232,0.46238662456477797,0.5689514235820969,0.6363408125453525,0.6739043855176955,0.29783606208270175,0.6946989486657126,0.44323866217073404,0
0.394003497786787,0.5920933553447297,0.5169890359879011,0.6140789322602037,0.6140191134354961,0.5915484748360453,0.5375234908046986,0.7026360046880145,0
0.40740980790326087,0.6098701997791228,0.5615128154096898,0.5473507497056944,0.6469666817400559,0.472441963757409,0.740337026664518,0.37548535799418253,0
0.6039909463021433,0.3558757571743785,0.296404899096042,0.6738326653988129,0.1999763589765748,0.651520068628139,0.6278359335489342,0.695570473914344,0
0.5976882773589863,0.5089713555496755,0.5960266962064514,0.535834958855726,0.5668447403401167,0.3840324762803418,0.7567085466087232,0.5996362427445634,0
0.38594799948667957,0.7963144962397178,0.507202266367725,0.5607006279514791,0.526178538732329,0.30475136052219776,0.23712234543869004,0.6448538447365139,0
0.7776085754014685,0.5483988841904924,0.48448595801764716,0.7091562264799046,0.4786011241527226,0.19202599180202223,0.19996988469858967,0.5533915371776517,1
0.7267266845836314,1.0,0.6013520221295502,0.7233497778160193,0.7198545994774127,0.4834476025523887,0.482707107468342,0.48344500080404074,0
0.6068912503531713,0.3385915020877176,0.5123984845247339,0.5669193068408658,0.4732555852540023,0.7042405690250125,0.5104826200059658,0.541490166003216,0
0.24249056412598385,0.6789427791565357,0.56266577526542,0.444043633284033,0.3549472186375794,0.5527557499150382,0.6762866923404696,0.25221617310561345,0
0.7488858860352366,0.39214964822851445,0.40951505995716275,0.299599708211263,0.5643189493638356,0.21909275358918023,0.3157980455142678,0.42325715711445805,1
0.6879520552195972,0.5265662168304845,0.4791638627443373,0.5630553133136198,0.48161267072559155,0.26758225846152794,0.22961823638449386,0.35739973557522203,0
0.9619628062927208,0.6082884169369014,0.9909469909209969,0.7921980271984639,0.4720104454990882,0.5642051846745612,0.6187651648891233,0.4204253730768766,1
0.3458289914719981,0.6658448365077546,0.6198716990805188,0.6317446457582633,0.5305581283794507,0.4895331972710559,0.5742931544740335,0.624441124507136,0
0.8272581162933222,0.5855921701525949,0.7152824087382588,0.5258271402470789,0.5069103297919972,0.30469431719702206,0.45636773291133964,0.643570554321947,0
0.4921930874050262,0.5559911715280157,0.6647849979349143,0.69301204083677,0.2684505358919213,0.28039969797973807,0.3968777439470569,0.5308183113620417,0
0.567815212061776,0.501508492537072,1.0,0.6798681555598671,0.707197428876392,0.4505805418156358,0.6239257900157328,0.3555062277551482,0
0.8787302730562414,0.5949929253612428,0.46363228970310655,0.6520234331871189,0.5288929259236824,0.216893119992224,0.5615022094662188,0.12634865174467963,1
0.5669431583512767,0.5936166985512762,0.5059241588232768,0.39743603659201343,0.5681261439723262,0.5575331377911978,0.41382406618576784,0.43513628313267194,0
0.4278131157676224,0.31660216083537396,0.5780412101434669,0.4785353015412417,0.3327473024345345,0.4358843620681802,0.34093373708884056,0.3617368590989244,1
0.510084908635453,0.7051256049076294,0.6957553738474159,0.6264873294367717,0.349655222496098,0.3959274975958574,0.5740615230445385,0.6711278846697657,0
0.8007618185088552,0.3285514600661563,0.763160718587519,0.22943432411138798,0.5758817938141703,0.6707484034267674,0.6495809631052472,0.5098531308104192,0
0.5668013367896594,0.8923753830411284,0.47531201151580565,0.678960583197358,0.6156164990325067,0.21714033922305792,0.4482434865628065,0.4722320522239149,0
0.4815690081798573,0.2684212402202552,0.32719828396388306,0.5475159462591925,0.4044954876564972,0.1739432955166043,0.4750594885013572,0.2070454688270985,1
0.7891210509773847,0.2755021618773532,0.6474827871076767,0.20581150929105324,0.3304128944636389,0.289774317070629,0.6484710217524919,0.5013049170788804,1
0.5653702278199672,0.40584654049907826,0.43743466953666066,0.5895640544946067,0.7552296341990867,0.1877815202979919,0.6794806488241164,0.4990577937246193,0
0.57985623950422,0.4385869396708566,0.5720415467360201,0.4197285861417593,0.7336578897156005,0.7505524872741849,0.36772118105867224,0.43961992542858147,0
0.9033190445413612,0.5116258187898031,0.3977228560954269,0.6855726307991592,0.6329216201406165,0.7093720018371978,0.5775372690071691,0.6301244574237668,0
0.0,0.5272986378942142,0.4121766581749543,0.39814574927276136,0.4002670237100334,0.2688312944774599,0.29551595010195425,0.2815991349080871,0
0.7412275781385884,0.5148735444151089,0.6121003153805648,0.5922557684319454,0.5220162348252535,0.5775253759049367,0.36497064793669853,0.289254540648177,1
0.6173397376598069,0.670920960012346,0.4446212047241113,0.5694091019925213,0.37865395547755437,0.5157009886096576,0.5443116581885942,0.7273935640203384,0
0.599867098422544,0.3969260900571385,0.37759463453252073,0.5465270035900865,0.5154810681060159,0.3997935140693632,0.5329967691720073,0.6331057012852707,0
0.4064858937522512,0.6080234141083722,0.39717100959691665,0.6679515056883569,0.5152634836787292,0.5667087980272613,0.47041992098148955,0.24555262339338277,0
0.37666909352795774,0.6976398942203824,0.5791194153925364,0.6903986988402748,0.6329782885179687,0.7072900778092623,0.6044694057319652,0.37286124783187186,0
0.3498620891065417,0.6441479975777495,0.37539228549408366,0.3351845991791139,0.5741710726681521,0.7014076468306543,0.5828440643976841,0.5374872225180519,0
0.6029062090854778,0.38764734788564753,0.5775089050409147,0.26402513230601193,0.5125707069786649,0.6096569610263206,0.393647294277203,0.480154467176522,1
0.637918968726606,0.7301935675746378,0.5793566742158646,0.5728988889082224,0.2632926906680733,0.4517317343244742,0.476146684120231,0.3283934109773062,0
0.4681916476523148,0.4124544746370004,0.57928127664001,0.5155142409233193,0.6085138278461616,0.35504286973639754,0.7745259512911997,0.5665402193123069,0
0.832282569920394,0.8015486218495129,0.6622850627410545,0.49294251378823845,0.33204797001035663,0.06347118217754083,0.5509603853403372,0.3892236491157804,1
0.5239198302717016,0.7430596017999247,0.4526044399196638,0.8494452146671012,0.600606835150791,0.5063420426690786,0.3882379675603823,0.3331714047979343,0
0.7446845153252846,0.4702731842507858,0.32853161640840667,0.6369689309796932,0.29350126829637735,0.3049955574642654,0.5471229716198093,0.4610474075501851,1
0.7416328981350742,0.47374775043775746,0.6691406890150375,0.43975758320497665,0.6166648764554555,0.40552511074203595,0.6470542321609063,0.4680871223586807,0
0.7495655212327519,0.46153409101100334,0.5282134561950894,0.42485154671018727,0.5248622303378763,0.5335267006765362,0.6586243240841535,0.38667190546308994,0
0.6017150925930465,0.48618619974645255,0.5961574939646568,0.40941824481569494,0.47942073053810863,0.7054156679448249,0.3939552939938692,0.49794754655764145,0
0.5470864744100968,0.4590064300714984,0.2923547941343889,0.12723776202011655,0.6683382205222154,0.5352009412663539,0.6830702618759062,0.6447659082120982,1
0.39333981949171415,0.5003548485840651,0.45467773515114446,0.8199316523192943,0.3197016776498272,0.42487892486606865,0.6738730790470783,0.632074379889527,0
0.39348181904007573,0.47747141823415884,0.36932119005362224,0.3946080740887351,0.675968077592823,0.5739859190450058,0.4870644702717951,0.4905292274882347,0
0.6968838785824032,0.6377176224938071,0.6424229421313105,0.5664334673018132,0.5021302984633922,0.8225156776758219,0.3133165686226721,0.23397454088096242,1
0.6027037815064489,0.37258816677165596,0.7958445663330531,0.6406053602381327,0.6935287334508855,0.7726540534668842,0.21379806189670147,0.45668299781800137,0
0.5038060380800713,0.3648174844119947,0.7885400760633581,0.20730784965856758,0.45595882879671784,0.6668100316224657,0.548554189807725,0.21834779122856607,0
0.40738436831063596,0.5433731091053956,0.3927200026711259,0.7336336166141466,0.6893696400479845,0.10746330100730916,0.6444247143468824,0.13445656031664138,0
0.5162777808231083,0.49531395419423835,0.6640086676796562,0.3167094122378917,0.5966579933375142,0.4956975504937375,0.6870471408429595,0.3811801373476994,1
0.7742215452617175,0.628592494445716,0.6558120505245318,0.572827317945477,0.4448856442783523,0.5272375346567807,0.32531020102783054,0.3161268455236732,0
0.6801407374557656,0.5112881482849978,0.5493840331150266,0.5105593860964898,0.5992467252325855,0.5143214939089976,0.5732594134788696,0.3786625074392909,0
0.7431289630333526,0.4647042218627588,0.7102616450666137,0.749176140890054,0.6616090434187915,0.49063631836320926,0.6809436892529251,0.4094530893115888,0
0.5194505733245613,0.5138716538590695,0.35194737328082915,0.6261090911961942,0.5078393647299746,0.6293571349322478,0.3710210955886113,0.34824822621649215,1
0.5446364680854238,0.47405420675956234,0.3881099964008632,0.1673050785710955,0.6199035927994666,0.6402027711580506,0.4804473799088181,0.19428288022389956,0
0.6143017825915672,0.7008597739554706,0.4247722765673415,0.4172181750003207,0.6783591227117468,0.29794582226092714,0.870488923798308,0.6258069297303763,0
0.7654382985601691,0.6050008011013198,0.29978975948527176,0.6169833414303273,0.5005783948113788,0.5324802673040365,0.4068943958229442,0.4099140025427733,1
0.5018415435265036,0.4958757266668569,0.6466483425124266,0.7003310300773417,0.38762007423478445,0.5350252253526603,0.510800465286699,0.3401743574544831,0
0.37871552176585244,0.7142425040573203,0.49019382617520263,0.3723583649056369,0.593616813934675,0.654711013359238,0.35368336976169257,0.24409409386107947,0
0.6163601498225119,0.4220216271487891,0.4924446255347088,0.47084661578873077,0.6231673083102252,0.7520136016268582,0.37003305188521624,0.371627440113522,0
0.5255985376216395,0.6030178522867958,0.6796201127430627,0.6997763884849546,0.6694095256039824,0.46027940517527366,0.3035788272386218,0.20067309654678644,0
0.70878723259747,0.4470575063765934,0.45704965568446565,0.5003834073228192,0.3146695128606764,0.42015365414844075,0.32684711762295365,0.27838019871960284,0
0.5635145192746328,0.6505311120415264,0.7666708412108831,0.0900749288582885,0.6949496213961397,0.21810441615241305,0.48252889716256353,0.4591461701454281,1
0.4805478459195171,0.4876015234617406,0.9450271376422525,0.4850360667918368,0.41001690115655354,0.45612080931877924,0.4806943534838291,0.24690783931770094,0
0.8528675604423002,0.5718448436046498,0.5050179332703975,0.6582488492593904,0.4510768590707727,0.4971023738382192,0.480994831593879,0.5134420813390448,0
0.5908332196799222,0.5524718330382935,0.5956124480597118,0.47906441444089887,0.4976771366986141,0.6091324877535033,0.6245156142385493,0.6030224257713547,0
0.5691783002795833,0.5286436497564454,0.2714450062616145,0.6194872098294409,0.7382730549371194,0.4889903618581635,0.4615322700909911,0.7007194216907291,0
0.6912274479398164,0.16534581678931887,0.6046598196341175,0.26150468858552134,0.5611191184232852,0.4668074781985969,0.6391208044840656,0.3439314051992362,1
0.5717897323615126,0.5236129983468515,0.5399074717074931,0.5996587507249681,0.658672298541757,0.5550801581665318,0.5257528498976654,0.18978390133307566,0
0.36841025136405847,0.7151341078075529,0.47362380195576675,0.23870086311153244,0.4722120869556971,0.4141460286871663,0.5112450269067912,0.5368091381820183,1
0.5727268261068378,0.5024531795360145,0.4416567543121628,0.3188066659023271,0.4482747443026498,0.6882275516922345,0.47726536721887636,0.37968529262146833,0
0.5828515445515896,0.6206636874367015,0.6353918349799814,0.22111177647396307,0.7068597711390373,0.7624092842259573,0.2789720918833972,0.5787667825867333,0
0.5331516286437813,0.5806407136997884,0.6287205530717297,0.5846608564016583,0.8526351738636277,0.6215259594536272,0.3299014503494513,0.43888022478316907,0
0.4659940445376296,0.5505950540283384,0.29608161776007297,0.39309389374204107,0.662251203716788,0.5567949832185436,0.5523680504358258,0.5496618422524298,1
0.6606164318520381,0.5737422693040728,0.5689109790150333,0.3181266604668566,0.8112410012237505,0.4132151882297437,0.5187267821540991,0.40436732859636937,0
0.9513823502788743,0.41187523920370755,0.2735832101631526,0.47662293586819526,0.5145249649467428,0.7188768831859264,0.3675523309706092,0.4043586128524662,0
0.3761555798724625,0.5118392643856308,0.827556376348277,0.4204648078653275,0.6101442548997558,0.43696435479103524,0.5207786945385358,0.2789424780664225,0
0.563347235394829,0.19537115211467648,0.4744782391951591,0.7517905636691027,0.45104485613124445,0.5032187781538752,0.36149851609914263,0.4727839027195902,0
0.5044243839242117,0.6101100761019798,0.6538095371465645,0.32007786070400895,0.36599572216359716,0.39094500611777383,0.6627625608034589,0.002871124485041898,0
0.25846931445099164,0.45689659363743773,0.7096040190825794,0.5877851658281161,0.6260272769935964,0.4696935144452717,0.7101334494555832,0.5370454411185688,0
0.6157330151434165,0.597039389822503,0.8347333953011777,0.7852813823894941,0.7492109978091557,0.56597846722797,0.5233456006435884,0.4515126966510034,0
0.2842199565962702,0.6466773710242625,0.34071417406123605,0.3990139240188848,0.7690349523266284,0.4383737964127393,0.6183320145044233,0.6426360077685133,0
0.36155850287749935,0.6238856615044164,0.5537133034978589,0.6053909895347995,0.7918262616723437,0.43948299582838163,0.3712525467845663,0.3166782501292779,0
0.5433598682811598,0.5162812370430447,0.6382606778911468,0.45997050125977756,0.5131343988789994,0.4507571444711907,0.8088828665495431,0.3904737981021199,0
0.6715623164867669,0.5138236655038974,0.4569472641299424,0.749504704465791,0.45439880395735266,0.4481843496836013,0.7229475839491061,0.06455891585582019,0
0.4697460189618766,0.6079480403669258,0.9347663909584553,0.7149724924500006,0.4254011771698875,0.3042423883331765,0.5152542686053261,0.454105265740094,0
0.5407686499634728,0.5342452818122211,0.5487411863640356,0.5635515705645455,0.3146764985321897,0.6112349989105064,0.40486654565594465,0.4728640088556514,0
0.37938699814360766,0.29812298927655917,0.6053547189131974,0.49122957540605333,0.3798834970104835,0.501793253547758,0.22867812734071274,0.19149808763980458,0
0.325481880893712,0.44587725675242584,0.5796094551044807,0.3647864071719791,0.36487571195288904,0.642546433418903,0.6221334601087313,0.29675839097865964,0
0.42434599871336065,0.43707413963556296,0.35930726893015097,0.5177105709304053,0.8570269113484198,0.5915868503250086,0.2875174944647032,0.2882483342725235,0
0.6191023818026328,0.4038363038074145,0.48053259454661057,0.545976834038888,0.5796008531456132,0.6578107482320688,0.7236745985022324,0.4089614225849245,0
0.4782875619310877,0.7537336587034767,0.5268997349604565,0.9987059977693329,0.4205274247000366,0.580879671672142,0.7971371226723288,0.38142034895637744,0
0.5000788868478876,0.4776893446639316,0.5502090033861954,0.4663423535966685,0.5460328388637921,0.5532469577620502,0.39824246212586445,0.5488067873462039,1
0.6166012585639007,0.46261863875949993,0.7549719941288341,0.587408498058587,0.4594515185157102,0.3524509924672068,0.4100572741741506,0.4694389886875644,0
0.4542216129743737,0.5665509653010938,0.5666108664609617,0.47245166920726334,0.23689613258771614,0.45046077950972846,0.5475362250171629,0.6269493997894333,0
0.5907514992749411,0.4966346107611766,0.3558545788882767,0.4572329075205588,0.828342950423461,0.43616917525323945,0.5986708189348613,0.4526285094000814,0
0.2900440091201975,0.40586067233897305,0.4896178219193714,0.40618261566074965,0.24540992942613205,0.6488535773074715,0.6130666578377165,1.0,0
0.6519059148574425,0.46710965007812877,0.3802875067089241,0.7835974104645305,0.7236367154280429,0.6831559798743632,0.518836226281386,0.6410960467569038,0
0.5395148531905504,0.6352039000576802,0.4552767366381345,0.5219994303971991,0.3941210054591532,0.45426210070987066,0.6944535041089293,0.4370337524765203,0
0.42293496596041835,0.508347735897026,0.5295901985729463,0.4909322901269858,0.5883551100008284,0.6183255209041805,0.6469095349250826,0.678059737464059,0
0.7737089096157028,0.3598809537971739,0.511528526967255,0.3517353643024399,0.7063334789204688,0.4507823016969679,0.6797250587421374,0.38151410674817243,0
0.5505339251193342,0.7399995817576799,0.4583475603546018,0.5420480927777734,0.26415065948219163,0.8157385154300603,0.5091462822039915,0.30659518620471327,0
0.5997923504536425,0.5232872886631743,0.43074174875845644,0.42582350963816756,0.3327764296348863,0.5909655305296981,0.3471326794755328,0.6296795476510454,0
0.4064990480366114,0.6272568332879725,0.40432887252372374,0.6379112890752352,0.6031813255866453,0.5588609245691156,0.425941016371147,0.5289732233995804,0
0.6659468051393747,0.6669724895102922,0.5004884991505619,0.6105341111537139,0.6843001399778479,0.2520712507128191,0.6249238077659465,0.2536125414217799,0
0.534370444748469,0.28643178888023346,0.6322923534903018,0.7377405141793513,0.8056894921746124,0.07853422758068823,0.29734924254178396,0.552585225840345,0
0.590052963833229,0.451889769124559,0.5392833944561423,0.608585447406086,0.5746286460439989,0.688665936825039,0.4506186951987263,0.48266302055056165,1
0.36392343945307737,0.46292698023117773,0.4883620014138532,0.6079661638328058,0.4234882687249734,0.3629159399802476,0.514707158494806,0.3641347103039918,0
0.6001580639358703,0.6641126567359906,0.47633616042688454,0.4487207460729522,0.3588277164237926,0.2635845043933398,0.5071443403312852,0.5307039950684616,1
0.9994331993451172,0.7062662167577992,0.6709004974486681,0.8333362400544748,0.4167216287683661,0.6054648895514539,0.4721553088004251,0.5119010177656624,0
0.5332718081222148,0.3749064808572221,0.37630598629949585,0.5626231424709291,0.4780476848649744,0.648781582717596,0.7443611430738575,0.32962048671524086,1
0.46653744261412516,0.35861947746954353,0.8519998985798989,0.3967236763232559,0.5105913919511269,0.23953294984474788,0.7237287989167482,0.11888346618283824,1
0.5536214577454511,0.4258302599298904,0.5999386503416877,0.43257670053133046,0.6235368740756901,0.27487650211404774,0.36486657196686934,0.4888235367444239,0
0.35651141862567576,0.4923116962917651,0.4677098058132133,0.7543927931987181,0.5807157128337949,0.4612305501335489,0.7951333974246668,0.7332879932856535,0
0.723130471223681,0.6742463547218116,0.6152909955411395,0.7077979442584623,0.5379809516944196,0.559037433358214,0.7694455819581911,0.8116382832658742,0
0.7672720365543599,0.5161725399574184,0.7167882646496773,0.3646653513910725,0.44931754264533075,0.5065874249798896,0.5537325409529653,0.35023969134427946,0
0.5530287258819379,0.525994070190213,0.5555988655721754,0.23905499421656085,0.5120923694016393,0.46477570725029466,0.3945022071239094,0.43778159250662085,0
0.5256871650311346,0.15306118803236174,0.6984300332960853,0.5693832091610757,0.4330807175644764,0.4243458850968784,0.5299868263119534,0.507958227013208,0
0.6910893676642362,0.6423621670847606,0.5726358165518067,0.7151172952909636,0.5286952704102467,0.41736263510416177,0.49199968443815056,0.6176350293698304,0
0.4047010456545741,0.4691349435633173,0.7160064886440543,0.6603075650312253,0.5161115727914494,0.6428467107950356,0.25750293678692904,0.14526725686526543,0
0.4222234911702623,0.06883116734072053,0.46047584284892173,0.5906892333407331,0.46883404539419027,0.681032493086097,0.43154273820657096,0.7219777693360103,0
0.682625236698662,0.3100171682910725,0.41782140521534095,0.4939578508776621,0.38266881608361336,0.19892322515929994,0.6987038775712784,0.564373491322561,0
0.48201484607927225,0.5318466615047615,0.6790430785709153,0.44238677212856564,0.6089640421273378,0.34023098840701227,0.3594673844437737,0.5183451261424598,0
0.4027857448148947,0.6496801043347864,0.5733744099553382,0.37997433672953557,0.6538132928400879,0.523409841512535,0.3115765732224629,0.5826305273901713,0
0.5692703005025322,0.4006658004586182,0.5670230959008118,0.7506455223536039,0.516347499770186,0.666890329097827,0.20747258819562103,0.3287033926821859,0
0.9126930584083541,0.5260428035388637,0.30014998797464143,0.7426991228814042,0.4874822874332454,0.2579874453537442,0.3661234352507104,0.41624813229128216,0
0.798324862852356,0.5440231622774412,0.6482893846212661,0.4608430607672623,0.6933655265116675,0.22338976167009778,0.5735166780246268,0.7506928912811768,1
0.4623868193843209,0.5547777032703719,0.5693559138825753,0.637652085831445,0.5751347897084801,0.6397374759264516,0.6469051135278412,0.5672379658910549,0
0.48332709311694827,0.5089628887744614,0.6641545842172796,0.6908462706650363,0.6132871823534236,0.6294276522734682,0.5843685976115517,0.36647970189934853,0
0.8143999407700195,0.57582619735286,0.5895138488786611,0.35257351282829086,0.6089574282398436,0.5637661551033526,0.7389893164887269,0.3902138375079625,0
0.5976160989685341,0.5570165812489772,0.319778266109519,0.32807449252662985,0.38946076689303294,0.5688739572824342,0.7182975481920454,0.23700630107424897,0
0.702391459139224,0.2783270318040869,0.6283584649814791,0.4575110190417588,0.6609403401670306,0.519542652799131,0.2863204024434277,0.4952184689949935,0
0.5583597148640786,0.3404413127498907,0.5121206294435386,0.6119224251017106,0.4865176546791109,0.29790208519087213,0.5086995554512898,0.5504075585423842,0
0.7085884121269059,0.4432982367493153,0.4821969536141881,0.23134744826450065,0.3856142521326934,0.5474909032658274,0.5735977774346099,0.6350403025650067,1
0.4347323117451881,0.5910441725854358,0.6738436964114691,0.592636763056118,0.5072242738044065,0.5387107809188904,0.523774539042031,0.3219944109442324,0
0.6931137537848354,0.6867061662390821,0.3147601456952867,0.5925303742836928,0.5308996942120683,0.5664116147532977,0.06851587887844951,0.2415132839073683,0
0.8523096485706809,0.7808534924423715,0.49841480042172737,0.669635976730842,0.6395840957922834,0.6796821785179771,0.4704756003462606,0.47068830142295626,0
0.8316926710139647,0.4139132847668687,0.3423831812541679,0.6447668191251528,0.34495377274202793,0.6411865653247398,0.4731164652523458,0.35522262920886793,1
0.49175261239238177,0.4591270566422635,0.35875389912325933,0.6324594741105322,0.5251495043033604,0.40704242805415103,0.44692705817870537,0.42941577902981426,0
0.7560651855874363,0.42657486833473,0.39689789957314275,0.6548289984254099,0.3396438787068511,0.4092192032004699,0.3680101485074292,0.49201360290006957,0
0.6593744475070845,0.5081332824709879,0.3433438331746572,0.48431344266140564,0.5020798607246548,0.915782161354877,0.47010445648697075,0.725892273958015,0
0.5715002940281315,0.6008289040976784,0.810036866656564,0.4954679628821109,0.5296898944046694,0.2560726996275313,0.3388306074609696,0.737112034782504,0
0.48994714309387555,0.39868041750947536,0.41266153680708006,0.5097533378612853,0.711834780307909,0.17213247804710935,0.3721968559725869,0.37987375890661634,0
0.751403765941286,0.9117223082726945,0.7024151536157568,0.7026146426840514,0.47117153024925845,0.694740897678119,0.8469354584028128,0.2541456857614869,0
0.6275442469856051,0.49526948709272933,0.5567291869187267,0.6478982282686607,0.7232647771900689,0.23350015338617702,0.4060034972366204,0.468108455073544,0
0.5126462976583562,0.6218935795801892,0.6697926842344457,0.623388984144375,0.4484061837387405,0.2753311475189366,0.8274794069363858,0.5893492579369182,1
0.6359408333967924,0.5989922560979397,0.6499412480578323,0.6542047245552765,0.5558032758239047,0.4654938061054181,0.5732977259796981,0.6204994801516687,0
0.44060753227216465,0.9303118032230017,0.5671723116991925,0.5501919628088975,0.4955673805184308,0.578793334176321,0.47318008336518075,0.5005423250058075,0
0.4685355914513081,0.4663416235068925,0.5510804467116374,0.5703891927552069,0.439368995670594,0.5671001384935814,0.6102462969574144,0.5278526605935997,0
0.6883151571504085,0.7577686287908709,0.5318568921428102,0.375048817542454,0.5483308128844447,0.34348917152711433,0.29321621365599065,0.5662746470803366,0
0.6080764976977422,0.4793110603395227,0.6582448630887606,0.4439239133534623,0.42585961354443136,0.6555652331129476,0.48174936255725026,0.5400536543623771,0
0.7100235087388402,0.7161679965586208,0.5243247483852431,0.40059939533456074,0.5949979038167352,0.301047266643675,0.5976184005055926,0.2740690004986015,0
0.5542770772980025,0.7191809062949307,0.5148298475385564,0.4733891194133067,0.3115048290923569,0.35181787901223827,0.42784693055767503,0.4639842842185111,0
0.6793690216833052,0.35673421159679686,0.39411012748313345,0.49218744295956074,0.6101445077021452,0.5505426903517188,0.35422363484724556,0.5934069871704034,0
0.610388704323537,0.7412919756933851,0.5243738092572617,0.7252369285037837,0.4079728597246744,0.6708506217745938,0.6673517344467693,0.5449957062067218,1
0.5691876762561289,0.5013722863155518,0.6313425100868378,0.30240076524066295,0.5274762634205512,0.5360647161532394,0.5289706131241363,0.736364815394962,0
0.8528961104310814,0.4684533610622587,0.6898153760925795,0.5743149553318765,0.25336446564980947,0.6360996518310679,0.7154978173987432,0.25487527584862024,0
0.45953204568799033,0.19594015439321094,0.748263201064688,0.5601919814140568,0.5442895746763403,0.25389485259311506,0.46235142997247397,0.40077185116991043,0
0.6363058282199889,0.22831761409355117,0.5272702100169637,0.5900263950312379,0.40600436781058824,0.6975157280910584,0.6663496287774306,0.4602007854451085,1
0.5083289190170744,0.32080917840448997,0.6332655479510061,0.6161435743456501,0.47682823311685246,0.21963278282693943,0.6177689307146789,0.4048819920378722,0
0.5459713024089891,0.4752609387663002,0.5946214582003571,0.5789262004536948,0.4946150470971328,0.8711170255402754,0.22310442199848385,0.2686898834669964,0
0.39704559769893927,0.6565006806086251,0.3112123157518756,0.6665684351864414,0.6845595503969673,0.41857398006869334,0.7574723368011973,0.6924733845532727,0
0.8870976281688967,0.5784683481468252,0.3320845702156643,0.6208339371572558,0.4234684967148007,0.5131280976974147,0.5730592139303538,0.6765977179328677,1
0.7852245896900112,0.4136750339001274,0.6366320253201532,0.603152954581346,0.6031048243033507,0.6449874193839873,0.4694954898038443,0.5529111814202616,0
0.8148205959038618,0.6983871211416952,0.5140770475624498,0.1553990370395683,0.3885988860804991,0.5527925701216142,0.4084357704744085,0.39684887409649966,0
0.8294152825835606,0.5629262405123701,0.6565542686031998,0.8316713281120784,0.4287013516456318,0.4069565887080345,0.24283717250367953,0.6537915806880694,1
0.7555722830607338,0.7179504734276848,0.25795149428198044,0.5156815583467289,0.49781847593181866,0.5103633026824096,0.29039332828068376,0.4106139436333432,0
0.5813995708439456,0.2778726374060201,0.6031132486047152,0.6331510147068016,0.23460198492424966,0.45311770642527976,0.7074954630545782,0.5139089753657604,0
0.8702417950955893,0.34286059009262204,0.551580133942776,0.6353273895917987,0.665433642344853,0.5018337650060694,0.9190765969148709,0.5374603461838939,1
0.6936512113743022,0.606459820997949,0.37770933402209905,0.7205716689924433,0.7302902662465344,0.6469434911394112,0.30211956732082407,0.4249477957022258,0
0.7610645073800695,0.6886206442488161,0.5964148116710671,0.4559256666317976,0.5448718532685206,0.3477751729590055,0.38215497210176025,0.5629303280665555,0
0.4741832357490966,0.6385670830137044,0.47530435830968454,0.8380133861287199,0.5174400174911843,0.515898528325185,0.29856519459996456,0.4614042966871478,0
0.43322853683228024,0.27937032880163115,0.5583869398055966,0.664320567604829,0.3915376729360184,0.4844662740501377,0.39109004221875127,0.24109716032176778,0
0.33362724924568354,0.17879658603953963,0.5365169752882093,0.22665817722733916,0.4681503207654079,0.911960210988336,0.4879877206331456,0.5854002140723722,0
0.46370033717206627,0.5034072642826735,0.4340919465685104,0.2256554360705394,0.4626505750464152,0.47103023346131834,0.4333282759206485,0.4098990088081407,0
0.5186468135957398,0.7987771373332775,0.7060445257195429,0.5692392810297751,0.37726947659236976,0.2791403325910916,0.5328496885487061,0.2918248402705455,0
0.7620653230369866,0.3957462093091024,0.43824289255921894,0.8077961261509264,0.5453038015983552,0.37626029340978695,0.6727023661601413,0.20670212040557187,0
0.24480438571619867,0.8688827681934874,0.45969840734690354,0.8103928484371323,0.501159618866345,0.7249147735117439,0.5786678231279077,0.2582214109994915,0
0.5495384353767623,0.5325842391009887,0.6143058268463344,0.5756211022795603,0.47632513401627985,0.5522077187972236,0.8291485642142107,0.4345706235377996,0
0.6561883626720134,0.628945715890389,0.7320586643753942,0.6246801156816969,0.43931319809218117,0.507392302998304,0.5033904393576837,0.3749401918355969,1
0.44027704497579206,0.6226539900470028,0.5472885677452085,0.27841289119197504,0.5192616474531866,0.2696145894211106,0.6450136285372388,0.2980595734981683,0
0.7962116864877441,0.43818546722875557,0.4221316676615769,0.4408060638696203,0.37977293483522495,0.24861504092700681,0.534354766670415,0.45334179788800877,1
0.701503213968963,0.2744366785907886,0.3066626055217911,0.23821790389074388,0.6175895961733189,0.3587313187551202,0.46047132000742064,0.17565651236689056,1
0.4680578921350819,0.2924437887505017,0.46881766504712424,0.3879081002803271,0.2551843562291682,0.5209756059894237,0.6796469256773311,0.6342835909279018,0
0.4860853074450707,0.5470067163153401,0.34902104266950096,0.6710432240386114,0.6275139376462913,0.41057726258412786,0.46645205284774843,0.666872752552153,1
0.3216224184463439,0.3124521591412975,0.5971593712644874,0.4680328059845813,0.48310613895606785,0.2326749846795883,0.6341937761805729,0.4904852380738281,0
0.5968560037925198,0.521941576179097,0.6963232719422697,0.6028033514178767,0.5918691940590108,0.4071730651399527,0.6402847824652169,0.5754908475735132,0
0.5830667783588832,0.5858184734571059,0.25586329492776283,0.44516274626703334,0.5771706017730398,0.4086130263729348,0.6517225361415675,0.1143241759704155,0
0.6659323426744229,0.46656527453198354,0.21093420536925755,0.4875509112354019,0.7281464375659817,0.7785647016189303,0.35544029721707315,0.422760406561188,0
0.5288748681252511,0.4533345973566849,0.5793777265210007,0.45007821147311283,0.4700452553960634,0.4595925363290194,0.5223985540241428,0.48534919853322933,0
0.4666913672003646,0.7366573942612615,0.5969170928942908,0.41640921565439815,0.3902983692840271,0.41852715740730545,0.498469921642021,0.5687188162069997,0
0.4741310337544401,0.5242651229271371,0.23223351522150038,0.32058419156781914,0.6255555496930121,0.3858453487815758,0.48899453547490435,0.19748365606588802,0
0.6497469339809547,0.3721469901006569,0.2501911636882719,0.444187313808432,0.6070752687294481,0.5123406625024496,0.5114009552279918,0.2842271388070553,0
0.919004264459112,0.45125529291689603,0.4245378729218012,0.519945914033304,0.6919938497447327,0.7534859807805201,0.3273141328418272,0.4958010516023393,1
0.4819867902101099,0.7620161137885564,0.4823825596063282,0.6736076889824717,0.6211725902133322,0.3424567859930893,0.20178381068268164,0.525687583083315,0
0.5177406838142165,0.3871554107775662,0.4036067317415984,0.28364383860089315,0.6249421242118378,0.6540231032955194,0.5987510997915165,0.5578534969094928,0
0.8211163600662417,0.1807306336472872,0.8635221993732968,0.638870658430464,0.550940973176375,0.5481592178302479,0.4089876744090045,0.5388291907077412,0
0.45754662859456,0.27702017767657156,0.3950538217959084,0.5443374509475685,0.6415890889343622,0.37460512168902194,0.3376819432452936,0.0,0
0.6314731243706052,0.5095488704330443,0.5055473213980451,0.5993832970939702,0.3383016122208432,0.6099153976659946,0.5097372752636955,0.37959145826004465,0
0.7818041870698909,0.30982293464101396,0.4770044459443439,0.6446083554912077,0.6641743742613315,0.346169936253257,0.64038395757941,0.3949828430607257,0
0.7659106008943007,0.6686407317548506,0.7207041968475061,0.4433518181000888,0.38383639802234165,0.32024211631735966,0.18938661387196065,0.2973436817827767,0
0.564356888769227,0.4510330315170095,0.6000577194566088,0.5092211751877117,0.3970992476586821,0.6305454128872834,0.39763045778651557,0.6525081191921499,0
0.5878502097353823,0.40805262066538045,0.46494508299782933,0.45263268433090803,0.7185481888106824,0.5279623232117114,0.3697251983629061,0.503404307827604,1
0.3935814951281478,0.4840018937921082,0.6063709086474627,0.6598162818454051,0.7108538548863605,0.69727216698466,0.332456939674044,0.4463370332031484,0
0.7178496284265988,0.7422358322049706,0.722321726633074,0.3792112172717067,0.647960466134134,0.40933905839981255,0.4867626133422316,0.4069441995255848,1
0.6389875347554909,0.7508289348019814,0.30429021429576864,0.6138859854862908,0.4002515685078525,0.508029907018521,0.4143817432590087,0.4700101605986306,0
0.767474892753823,0.5636729489769632,0.44015835980125084,0.47766327108328155,0.756196351544393,0.5736350775129185,0.5112385863152111,0.2083562537813611,0
0.6251932204754169,0.4360530670471422,0.47612392732080083,0.7957034423004796,0.3198530663577287,0.7198097050595813,0.38193215381669066,0.6387877919963,0
0.5618654104151366,0.33414479150833637,0.398846313244589,0.4849037666233936,0.8434874101946117,0.5429078097854183,0.4860827947552663,0.20647698186775132,1
0.5175197077119046,0.5708123265093189,0.6134228892302273,0.5394956218078066,0.6332915342578209,0.7548815480450211,0.3069455377689221,0.44221737359960706,0
0.8366815813843533,0.4050028507098623,0.5529719111004548,0.32284162728283106,0.46185679657897655,0.6634008782657852,0.6465402807149009,0.4812118227178043,0
0.5650420933104384,0.43839713904389993,0.2625419351842013,0.5370216040222623,0.3672146728789431,0.6688710748848133,0.21525562522534497,0.48959817053739196,0
0.5254653722479472,0.5998831564774816,0.4983335603696224,0.5971885235357609,0.4792209335440051,0.4666608259280505,0.6132865743325459,0.4715582361689915,0
0.7995724241599047,0.46352754873577473,0.7386770827367051,0.5645560016460812,0.6234823837944958,0.3345863847164683,0.34304851282619137,0.17054487382162503,1
0.5832575903325774,0.5761330068863801,0.478523479916111,0.5643778217210583,0.5821937190923689,0.5924514149127434,0.23799388287579926,0.7080727704456278,0
0.5987924877502048,0.5461227255294263,0.4779995197377061,0.5169435732481613,0.4891350800813718,0.48646483347840597,0.44560973150908273,0.5734391385365837,0
0.38354029910396675,0.6599188876363091,0.5184649240410815,0.39585137116183566,0.6000414764389482,0.5139420193859658,0.5412349406726701,0.4074750763350462,0
0.6419004558019352,0.6782059045474611,0.507288912660945,0.3950891933178109,0.7065755889471463,0.3273437053013921,0.5905096602727341,0.35633992773455386,0
0.5196697013283268,0.5364134101540993,0.3687482696705845,0.47289418954097906,0.5513799846033418,0.41146288060383357,0.8197754916235264,0.7129671887630973,0
0.4354771080928893,0.46994534210129685,0.6428728448773459,0.20901299015819397,0.5973795279849519,0.44957980361502153,0.02182602689901586,0.7009702274001682,0
0.7903006829592045,0.6854257359339373,0.7989926550184274,0.6241872454037799,0.26557990137002063,0.3593239733540896,0.5302767918474596,0.4495970078279801,0
0.7564977057631237,0.48155061855816916,0.5269413705238025,0.8374383420621083,0.5693221564660343,0.5455819211735257,0.7234526553321716,0.5179004882425124,0
0.3690631262949907,0.5423826981174341,0.6453889025092505,0.6433613557233038,0.5238245416877768,0.36945560382654724,0.5583342870538684,0.4307946864229037,0
0.6303087932821674,0.38315267255630236,0.6324875977140478,0.8892919298185237,0.5755848224074498,0.5796890522943688,0.4323174434591378,0.3267685142873162,0
0.5894456886341833,0.5615395835532385,0.5645006726392556,0.44175640669389965,0.5099463677361348,0.29142959915831324,0.2894301574778786,0.36615476286952736,0
0.7073069944864334,0.37713517120291157,0.5703574573804114,0.5560568030290994,0.48347866121221467,0.31259756400079897,0.44421098505707507,0.1639674646134891,0
0.7613703436576639,0.7495162696021707,0.6300562575705294,0.5995983875028262,0.5826690885414404,0.5638952779902553,0.469381582722992,0.5620477082357865,0
0.35804877840814586,0.7756552817939135,0.6068770687346238,0.6048390889250307,0.49895712198027514,0.16796857480348526,0.6599634217379994,0.4146022932197049,0
0.3861962620607284,0.662332442569328,0.7862324906376437,0.5028113018635636,0.6719735097603284,0.5165993418323955,0.5634858867362863,0.5693559335575511,0
0.5496863937862158,0.2515741186255016,0.6936703082284944,0.38554904441438326,0.506273234203615,0.7248375050711708,0.4940659193156179,0.6212048978903058,0
0.5286761032232473,0.6154791278207968,0.5490741343471318,0.6455769643828465,0.4488955306628044,0.42452401814514695,0.44024706463677055,0.4399244823497626,0
0.8125266360860788,0.32955271287126037,0.3385522009799924,0.6376816821207035,0.6583946147227817,0.3979309078646675,0.30825984650461,0.2431912940776712,0
0.568151997882843,0.6669555014743764,0.5921244942028279,0.27508939910626323,0.4114234312879593,0.586075584800828,0.3245321747667942,0.34183492987261554,1
0.5824525409709784,0.4665372286300236,0.6106667101730554,0.34019284621192597,0.6069750417980216,0.44876248362416465,0.3167960671013449,0.1435161840230728,1
0.7822466195428539,0.4302359386840144,0.2038872711560576,0.24030158900682574,0.46913475118030135,0.4018293322768028,0.654756826010932,0.7557231740483779,1
0.51722210838044,0.49617274786624915,0.7317046471611297,0.36596149893618823,0.3265440575878113,0.7124687378005522,0.38568086792697603,0.23395076077660504,0
0.40405280879827293,0.46930927758351965,0.534508505017235,0.34924324670194606,0.5980192131686196,0.3240480370475205,0.2129553736723399,0.729006089095128,0
0.7256240044344049,0.6122234775527265,0.7354655961449201,0.29892127374946176,0.5826486473588675,0.9717800108032155,0.5760551153692391,0.38706302023021644,0
0.7792690657312005,0.6382333954006748,0.6156027080880724,0.6441172374316504,0.7630749521088005,0.6756041407201707,0.42139666619812854,0.7488558462187869,0
0.7554355514929012,0.4889696667618157,0.154623743199921,0.5033247271008628,0.29387218964160505,0.2668863347859084,0.5092714270045867,0.32337943979452277,1
0.7474625834069712,0.3031044863337129,0.7052713717024237,0.47134723120241373,0.5903964164603765,0.7021173590078267,0.5172871270806133,0.4465889171310937,1
0.531377146092979,0.41811878819278975,0.23459641370119427,0.4460966849356046,0.34151275635344525,0.7788802689810133,0.49964571242697164,0.4543994035101981,0
0.34871648637155706,0.221887333081776,0.3405725198755013,0.3945383814497373,0.6056140557277169,0.4354339877121953,0.6223154030613258,0.6611412008308413,0
0.5767112077279102,0.5456714253371602,0.4854454959977414,0.5429038291830535,0.5558052801908688,0.6402240483406008,0.4129984714638178,0.3555181048254792,0
0.6349989312291817,0.42859586241996206,0.27932920915152126,0.5098375482806948,0.2624242271036157,0.4234100204435035,0.7873179684988142,0.3296051373455316,0
0.648416038917439,0.4651730254456526,0.6610837294730505,0.7556516625091227,0.5467504608563936,0.26343143988385176,0.31922364452376495,0.7215089488894422,0
0.5887308974719976,0.6388673954078059,0.5530017851489109,0.5723981406342923,0.349302844001804,0.46856204324006984,0.21415072078938047,0.3074278193549441,0
0.5991192817183854,0.448362651292883,0.5737159137031893,0.6523180878646491,0.7963129722773385,0.28909863192320107,0.44702230759857603,0.674969387360866,0
0.9805645431120379,0.5427806009129638,0.4947706160055428,0.17204213162793752,0.48217550007498905,0.5837901852024969,0.5151349137829198,0.6216198630720811,0
0.6037543281288893,0.4250294005118589,0.6909320334458096,0.6766608349080461,0.45240401523338536,0.4332790512338719,0.6299552574048493,0.5000993652445416,0
0.6206027964328117,0.4704397023113812,0.5315479945328072,0.34915043937967805,0.402032808837035,0.7327844473025957,0.5778850705255746,0.0034971203892595892,0
0.8983398068686761,0.45949189961056847,0.592980569691774,0.6386140931190376,0.5067075678239071,0.502191940659496,0.5736665260158653,0.5390458727057167,1
0.5997986358651987,0.5472573154253466,0.7714771157039202,0.29397808484195387,0.39874628689118596,0.8622759841871162,0.5380218328854549,0.6162242278105282,1
0.6241101768777834,0.8104766629387046,0.667336646457276,0.49620332504317693,0.4071198646016029,0.6053788477021675,0.4633487803178169,0.35584274121213666,1
0.271297686192093,0.6878182435331314,0.30993272379110404,0.5643984325695041,0.5628119085582791,0.1446134693691027,0.41547640117362156,0.3553415557417504,0
0.7853373733621726,0.5070214273027034,0.5157384349111438,0.5392821583491575,0.24311659933111845,0.5095797826524021,0.3327675692551168,0.6127273642809651,1
0.4774671235824549,0.6030657191056927,0.4499110733578793,0.47544108947867697,0.3597305514793744,0.6377450204608619,0.33503895889251106,0.32619713243683557,0
0.5202852422331656,0.3829448367995725,0.48794279684053987,0.48967923110247014,0.3280504184634239,0.34030605073509873,0.5167328390481449,0.4482644784699893,0
0.4899109449459661,0.4430830161321561,0.6457667358299248,0.17841334144976162,0.3999445432482922,0.27582768803194924,0.5253004456503564,0.37528853005484497,1
0.35617986072756147,0.4217346703992786,0.4056703103824233,0.5363687449832956,0.5292489583539611,0.707160643129146,0.4431736289592635,0.4766901591234776,0
0.36278144502908705,0.5910301091298822,0.9248481970398486,0.2613330851356695,0.7155229107856155,0.4412778707030538,0.4800051678882191,0.7277409801083158,0
0.8725344375775107,0.5351451010214252,0.476688060316409,0.1845825983125975,0.5845673135526408,0.23168829024014587,0.5351549013234013,0.5814520460474918,1
0.5900695072238963,0.4896011559677017,0.5997921794097659,0.7054206571986852,0.6429769999697122,0.61155145417506,0.6988670909847932,0.33726693806017166,0
0.9184064907422924,0.49584886533001366,0.393767048535303,0.5500457589462686,0.6126823952347852,0.5058120998997202,0.29353969295175386,0.4819042951409915,1
0.8042704906616345,0.15997465068424732,0.556719320043767,0.44953104631221563,0.2817992575284781,0.33720721751338756,0.4321618283129205,0.5270088206140551,1
0.482609798392184,0.5101365514980677,0.6809513325648182,0.5362902086048655,0.429973479851425,0.7479863421983761,0.602907299626798,0.20190936294523168,0
0.6779917726997844,0.6440673498150237,0.4336186082718389,0.5870359704236806,0.4296561482496311,0.4507001606832864,0.3621688126675028,0.2669201304382249,0
0.7371179726637028,0.47386484359343023,0.7472380221628148,0.46702950078523275,0.46706077967710613,0.3972680455655336,0.5231271397247554,0.6123066833237774,1
0.6178938952621229,0.4660709157536167,0.5371442484133907,0.6125674229631306,0.6418867667498714,0.3907167401796602,0.5692491488543127,0.5049050526820669,0
0.43970863227731827,0.5854750704416722,0.3568493361715308,0.4437148137427195,0.5980006723344294,0.37658274668314456,0.28630717831539,0.37286795824300023,0
0.8750600880191597,0.4963967029934428,0.6431991271522026,0.7070572651965125,0.38975467247557016,0.601200686613501,0.4102355083061605,0.5169069131017168,0
0.7354388268833769,0.7162412099498796,0.5761185950005268,0.4507754156898741,0.5766145035573413,0.0017564589143965748,0.5945220306738268,0.3583563024587469,1
0.47351074705627394,0.7381169787041137,0.4729661338415992,0.6658797701044876,0.4756899313770121,0.6795331002906674,0.49945535182738116,0.3903365254597304,0
0.6184731996277691,0.41666006562887503,0.4145950600118081,0.552654983290255,0.7056350994747302,0.7625028977926795,0.41889300828911946,0.5375503977219923,0
0.7413184614991691,0.8550146104858198,0.4236219787151053,0.5888977037398325,0.5984337577561168,0.5726890034076587,0.3823015452400659,0.37374664765246524,0
0.7530777694105502,0.42942310220134755,0.43342163254623156,0.4556482670893272,0.60536482078223,0.5379578082713146,0.2605449043629473,0.5983907172741945,0
0.40577925135374265,0.3627923078273545,0.15251488435940347,0.8282294017886502,0.7113951299480437,0.47901845621943095,0.6889303949857011,0.473666372245195,0
0.5333381067035978,0.603433816038748,0.5239339831598551,0.5153275628746612,0.45569482268421374,0.7614317188018873,0.6558490652363511,0.4040611580510445,0
0.2792031959700381,0.6597388199564402,0.34555139438935834,0.4130162976999931,0.4718831434308438,0.316947714031072,0.3059839543605959,0.7075033411401547,0
0.7282792134463272,0.45373109859515065,0.4647293508311622,0.28851319657037255,0.40699628996683446,0.6791905544498115,0.5411666786068258,0.36465438334645284,1
0.5885788237016876,0.5478973518487066,0.4693871281411285,0.46226354177406115,0.5998477021352218,0.35414141919242836,0.3785767804697938,0.8527709045071795,0
0.5610461239066711,0.43268878664993216,0.34048717275625084,0.6211047106872455,0.3636054265677547,0.4850713735737116,0.4485471384709514,0.4758079442101253,0
0.46145815243945204,0.6190142966823157,0.45748179104183384,0.33865267277504263,0.6062385079524908,0.41723260291567443,0.24515402378748954,0.5097871216822999,0
0.5881273711126404,0.37128573422080313,0.6430730879978787,0.4580340738311197,0.5788607246498795,0.4001328307735158,0.47271120299726055,0.6565987435896702,0
0.6629692272615371,0.6775294997766691,0.4141106999991746,0.6051084955868161,0.33610957176985473,0.6505737549216714,0.6728126063145826,0.38757566652913145,0
0.9419592087994169,0.5527289676042932,0.780876476875237,0.23205594924165784,0.33942669112473267,0.4366811997397543,0.31213398851833385,0.6081929995503078,1
0.8123643680241311,0.22753017821260413,0.6114283760076603,0.6745086065264813,0.6229424258293448,0.40196972442863466,0.49595909510255565,0.4085872650637698,0
0.5415544987629992,0.7500698030503241,0.7308482920423206,0.6242856179634386,0.5783989599590651,0.5959895145363849,0.37276164748187524,0.0895980201019565,0
0.8462801511189123,0.6280623307746812,0.37795641523496554,0.6914993665295379,0.39286799315695226,0.3013952167596141,0.6489103782435186,0.5297630366019193,0
0.22412522624765585,0.3638718627937343,0.5389721645952985,0.5515268765581325,0.5889155752045783,0.5428879705038442,0.3995327089918923,0.42735365000040526,1
0.7432205388618918,0.6149261807758047,0.6535949621575703,0.554596677368174,0.6934576748241142,0.812560269289019,0.6880239853340964,0.2811102523231486,0
0.6133589835750608,0.4147038721780878,0.5394381336160418,0.6477139458477179,0.25452071330285136,0.777646200830594,0.4728799681952297,0.5487429098337486,0
0.7618618585918532,0.38778331352794104,0.6312543106975842,0.3317229054406959,0.8210927702889909,0.38575860918362676,0.2707071100818398,0.352636210490921,0
0.5303816663308586,0.41240052965127066,0.7544831127089855,0.6203991900554862,0.6109064152935288,0.467135616271219,0.6028290848309167,0.5267722144777043,0
0.5442189821133391,0.5867226967713802,0.329823392450591,0.4217334751324092,0.3855209904492999,0.6624445263288554,0.6956329308179177,0.4132160365598794,1
0.7804018251726403,0.2595239210873572,0.9305262486791472,0.6258333595086997,0.5999140469331419,0.16384109238572153,0.5293414591070189,0.5473874110623792,0
0.39654840167847605,0.26783117285926283,0.4997138073254874,0.3078714490883345,0.34477325548673676,0.3858243820655024,0.42236787148963745,0.3800507313127656,0
0.5176045159579012,0.6598526614197682,0.5147234685119625,0.47073369734238424,0.37055897704769425,0.5905636131231911,0.6020113696802663,0.41208431618686475,1
0.7618130234281992,0.5491404692534101,0.5143005566618434,0.6660878141326891,0.5828556704076391,0.5089559523713454,0.34589106136998926,0.6070236483278643,1
0.5039306607495663,0.4651678322924107,0.5799787159315772,0.4550581791948739,0.3844069361429746,0.3936163699864826,0.5252103535645676,0.3145619723856291,0
0.6366225576414091,0.718595622155668,0.5868537692282413,0.6144696082578647,0.7362863496809451,0.3903436265648163,0.421712274071451,0.46879348485614275,0
0.35369931969046686,0.5732604375964716,0.5033606840149265,0.4580250547794955,0.4617631183748601,0.28163942913021495,0.4916707272946556,0.3682949007191784,0
0.5068355077357379,0.8485259454597875,0.7270497053271568,0.3040941073014344,0.7068956716782386,0.5535523154174781,0.6039604692135212,0.22923737045726952,0
0.5878983692840254,0.5524429753024696,0.3049468947351962,0.6794792467838043,0.5320666519860184,0.4085516234966883,0.4758946226334,0.06957413118635114,0
0.6010647621953815,0.5451667652048727,0.5324948821997846,0.45416508769319497,0.5407321284100101,0.4587970584639727,0.4980070638641944,0.2979356652402287,0
0.49721105125571174,0.3331661956936056,0.26820172075988086,0.5900262575765852,0.7094814347650904,0.4847051675049038,0.6027433069332901,0.35965041000738573,1
0.5855517574477113,0.6545215406824727,0.6566259729405567,0.5584523426358118,0.6077252092909898,0.473885415936038,0.3666471198724943,0.3905334504682163,1
0.7698909406281824,0.4762794058016042,0.5758673827892516,0.5702533949488849,0.513259365641277,0.6138916088726875,0.19840268776962722,0.4792388246560271,1
0.40244306507125516,0.4702250980286873,0.3639557464382017,0.6693886713429406,0.2554723046928753,0.26827134184148993,0.5974116709372789,0.26834301037995995,0
0.45637243589684595,0.6565368709085045,0.4949005900290989,0.3915610901800516,0.466237717366415,0.5186842367720927,0.21654396906015955,0.7653474007847112,0
0.6349095064502274,0.3903568017896658,0.7950004084647789,0.620089351132663,0.5402306404255999,0.3944058716244101,0.39027135634951204,0.6906304858502902,0
0.498838761133379,0.7865479276397012,0.3427038001436655,0.6714476363674702,0.6715281771668784,0.5067805541491607,0.4148722095212769,0.407618629736378,0
0.39096259761961205,0.4646153459198559,0.2355672478343896,0.6730275278729252,0.3919803773792389,0.44479675191459694,0.5757573414740118,0.6463114214018058,0
0.8026018153811242,0.3713739541210819,0.5953834991041493,0.35471276750041153,0.4292335912123164,0.5813227727388454,0.39346230806299126,0.2768190873588574,1
0.6505688422306346,0.4921100622550339,0.5192479327671727,0.4972610541094947,0.4840360427754916,0.23840275827410667,0.584520958569289,0.7373733666638776,0
0.5477783462756654,0.38862249973653207,0.5642645824508341,0.5079301532385401,0.46690100371721455,0.21264799724123518,0.5459743420692031,0.5273842536999463,1
0.3085596957487199,0.5434044496793564,0.5109857814090931,0.5662392294155136,0.49763070536110715,0.37536010805108194,0.312470346986953,0.5884160371708994,0
0.6760797863914705,0.1254111203656153,0.6881388975471207,0.32600951264649886,0.4986343810499235,0.3845031538065334,0.43531565079749224,0.4805365285253772,0
0.4160047123960756,0.48045746303861836,0.6172840584905563,0.9696747457854431,0.31683271793607226,0.5686522116996219,0.651679679938436,0.5976961751653178,0
0.5187552680443303,0.35168816702748895,0.5735627753673422,0.5240187883235489,0.39148616441483197,0.4763755640011711,0.30710342428060233,0.37531066490235465,0
0.8092292671284315,0.1338234311041821,0.6768187923672566,0.7067390654969243,0.4426695216300702,0.7182207398559664,0.8472112832360057,0.35821473274193827,0
0.6547239365792986,0.703904915989553,0.4874398317886334,0.669835798448195,0.6885059992630199,0.44801152879020595,0.7694566810595063,0.4879399215640441,0
0.4785668248853265,0.5259338685075373,0.5795846811130706,0.2564780897938928,0.5324142990798143,0.7015505462641691,0.4466374950253833,0.39671742401945376,0
0.7100478839952498,0.4890003348375792,0.5651980549222543,0.5415817953315362,0.7629753611669289,0.45006417382401026,0.48723368947162954,0.3436506280178518,0
0.6290623687416685,0.482376773937137,0.623528381062818,0.44997229823860585,0.9306779956285967,0.5096878954548423,0.5473832356009238,0.3481474288708596,0
0.6602724397407862,0.28030750757536566,0.7230670343146384,0.8163031639423031,0.6436553801125671,0.5371203145672745,0.652085380015021,0.6705960717582241,0
0.7673494123777443,0.608955292980594,0.43864029092793255,0.6337433392407726,0.7429099465740969,0.601818345402985,0.4590203146382638,0.47042744665040037,1
0.5316331723374875,0.6213138321,0.5195609322960313,0.5931888686527232,0.6590126925324185,0.4608382002349622,0.7004193430264993,0.38287895127610433,0
0.7895111792863385,0.542740865399905,0.43469473365858924,0.5371389850248932,0.5535112264122375,0.5505107836005109,0.4536342486470436,0.5053514814321716,1
0.3264446492787105,0.44409186375455745,0.5769203078639312,0.5147574927183939,0.6311440084578054,0.3452045138876073,0.46523917861562414,0.3371503245251896,0
0.6278590259482617,0.8255271890775294,0.492531200952502,0.32541847055351597,0.44721612927803417,0.46126016749653226,0.5383772346313748,0.5370016029171718,0
0.25217351705420343,0.5154751646095781,0.6216669729235719,0.5295271038994368,0.5791524615064108,0.6027756595055747,0.424955772329595,0.6459869885765056,0
0.6181216784037463,0.25648741793862506,0.4093719363964584,0.27684555093993235,0.5144961600122725,0.34943149477772967,0.7090059732792219,0.7285054938336202,0
0.45016640124723095,0.6940658775550422,0.5511265310739414,0.7024467472592546,0.5960694616484656,0.42500982255805336,0.45414875766718776,0.3923910239540664,0
0.7263151697920387,0.47897989473861213,0.7013220790635448,0.45794996391123305,0.3916078202164299,0.5789544734149941,0.5329444324304534,0.4216257178040327,0
0.6114738128187551,0.5458909457054847,0.24582012605034853,0.6629370317255155,0.6034002854307312,0.4641085785069698,0.664866303936082,0.629633226968939,0
0.6299863544884431,0.48934973642644614,0.6388285895960375,0.42114201959766684,0.29641867956486356,0.7515460875646836,0.5155427585555697,0.6643352371757518,0
0.7348322115719991,0.26788336667997703,0.12218154078806548,0.6601655348679446,0.4808525398654714,0.4420177115505636,0.6390080211170381,0.4358051246995054,0
0.606994218270355,0.6844375940487262,0.5142859386615128,0.47908236109743274,0.6497636416463243,0.6360774503839696,0.9278566589954511,0.40004117219748225,0
0.34361791013341714,0.4654062993519583,0.6162501533630099,0.3897862197202365,0.5031596219508583,0.49800266588576214,0.23723271696716525,0.5543744709430819,0
0.3402374985337716,0.444346333990966,0.7486381124866162,0.668655461742634,0.425122764412476,0.42065538870206476,0.6175167276857483,0.439127267926128,0
0.512308289513407,0.5068552583974503,0.6053540267742225,0.5183812414678066,0.6308139368435581,0.6022957832228311,0.45171408442906086,0.36884462239610294,0
0.2435083150953093,0.536534260137992,0.6384978756987135,0.7127062976997711,0.7065752425841821,0.386199827919099,0.6284573224453451,0.2125581869882227,0
0.6705251994668394,0.257957205883237,0.28753298036671526,0.42243200994959385,0.4868641879701723,0.68646531785603,0.662251905691591,0.3216291105375968,0
0.6082926923314379,0.7524429008758436,0.4488835920756271,0.4340164287185015,0.39330916168204627,0.3791329719611587,0.49013451060382746,0.5412300018093943,0
0.589912307484637,0.5184922056828115,0.4346861595839208,0.8230832748481096,0.6427323646614554,0.3733515211034639,0.5801831439805916,0.24637374676691487,0
0.7307761410633946,0.0,0.5726845834926774,0.6750132259995353,0.36947538931215984,0.5265390102552043,0.6813225728707926,0.4137160452433895,0
0.41875076174795783,0.31866306997727445,0.6957918543770925,0.424649341531241,0.5257458513041422,0.338768521310009,0.5021760343071828,0.5885423816159951,0
0.40807151224314614,0.9385014714271473,0.6467343853444959,0.3183355365956204,0.29113652787323546,0.634253827651367,0.252114870108505,0.29831913291654655,1
0.714019399615371,0.5801830532426705,0.3674336720119675,0.6461227933807532,0.8538432401753419,0.45885267807916863,0.568364240780246,0.6008762437451656,0
0.5703339372247782,0.2858889182190285,0.4668964708649499,0.42477720431647115,0.4622542696990913,0.2753430560817261,0.615141912205284,0.2962128959109803,1
0.542664771364931,0.6420413739535409,0.4293488479536772,0.39402163406605617,0.4276739307172319,0.36412339839973806,0.5744816235106838,0.6094491328652423,1
0.8296754799546932,0.5418486884467832,0.614355896441681,0.4925861900001769,0.6298930471761147,0.5998071478039727,0.635703917657932,0.3399227779296954,0
0.5205970955542272,0.7170060921898551,0.44121077747128035,0.5859648076057022,0.3626082109603181,0.4147003869258435,0.3901371295445453,0.47083608720089426,0
0.5394762751736234,0.6364525065601806,0.49377584593493845,0.3863983758813851,0.7267597140125429,0.645071686761189,0.5336176416621432,0.3388834284147725,0
0.758478376528981,0.4757935656862324,0.44500340696787843,0.5049297005356003,0.35655146120457604,0.40165799923711454,0.6304762652390469,0.7307748322020131,1
0.6535313649735818,0.5883732185716543,0.2218528082210453,0.19371037954527215,0.5064410408704305,0.3983242083151818,0.8008860419610625,0.5394768506614043,0
0.7092350980401221,0.5355123975816914,0.8245896745223686,0.48532582451912276,0.4044791904951125,0.6401660667601579,0.3723921079346053,0.11478110530467711,1
0.6813198729972246,0.5119878629215165,0.293186840125909,0.3362707676266268,0.37892807996981676,0.2151654605082512,0.5561777155776537,0.5983315535997196,1
0.47616633137447173,0.6080452216009107,0.6280004258587308,0.7828771344573147,0.49817207578623107,0.6717231975167955,0.3318131718907502,0.28327398062475606,0
0.5926793416305576,0.2911540521255812,0.6779855222506816,0.7999928365671003,0.6891932520046005,0.563539858197561,0.1783221604659006,0.40405267311302523,0
0.5418215334163949,0.6436703523985254,0.6199700412894321,0.8077984337792353,0.29251721975036327,0.7089730848048847,0.22756464066247983,0.25647594005482277,0
0.6302238057229897,0.8628923783592324,0.2613525971913906,0.6308305948088289,0.5278099909487498,0.39554996701200007,0.3787301953832364,0.7668307536236901,1
0.7631674545174677,0.5697201310800803,0.4482501732586883,0.3249673306164492,0.4490317685346049,0.23932821974053925,0.3611212843987799,0.39546641821629414,0
0.6952692789118551,0.5493803727780726,0.7522873466421647,0.4112914223664407,0.6072109736811048,0.2797412194676204,0.19403102664246996,0.41113492808065094,1
0.2976037236763903,0.45274886762844374,0.5584389494645327,0.5278977318951706,0.591033126144354,0.6066365198297404,0.5061661992917901,0.2927593384895917,0
0.6975088515368124,0.812156500624533,0.7093144027929024,0.5397941964120349,0.45246758276485505,0.8750360304096418,0.20223848993531118,0.34748960773146276,0
0.7107208803995804,0.5093114964276693,0.3772987828850042,0.53980908275513,0.6695590855966485,0.7189436424503891,0.6626239473150646,0.42068181313430963,0
0.10423995131379582,0.589070510006964,0.3981049969426125,0.4447516929591395,0.5759401986873337,0.6657125168013814,0.555868117126193,0.24310289315908995,0
0.3698471895109742,0.5275393283647843,0.549738341801584,0.569342270908969,0.6494249056234649,0.4435480406644701,0.5838189567441342,0.3130934219612411,0
0.7742133705555792,0.5253767272009144,0.8027473613361331,0.5820585343364008,0.1483019869176137,0.33980260360600756,0.41780686755680035,0.34337421997279866,0
0.4939880106363502,0.551995124503712,0.4130373971665207,0.6018154410821105,0.47721027448251024,0.43058038201498294,0.655209738949894,0.6687444889676465,0
0.5507267958828094,0.4093714341143342,0.7024312607122338,0.7378429043656831,0.5631268367983624,0.6646831552288854,0.4286688528742649,0.531785423294566,0
0.6615725460312778,0.3890754878510311,0.6602543858556905,0.8142005289948009,0.6377038764705029,0.37579849925480024,0.43462635219705276,0.6387272143932134,0
0.722866212392614,0.3573387119285465,0.613609017717315,0.5994016578216819,0.7882056069197585,0.27778419447556923,0.6057163134249748,0.4304653987685446,0
0.8285874178297128,0.46494249878906546,0.6588442933597801,0.6182740833053891,0.4048292002584571,0.11460943835958987,0.5879115575525569,0.4484998864896285,1
0.5090352386785917,0.6959039499168787,0.42461318800837444,0.5744949969234708,0.7664789705948174,0.6850404779357943,0.6999424034957848,0.49572375187572165,0
0.6626309458260354,0.5238153905869908,0.45301976591845106,0.4822886687042244,0.6180245483085012,0.49077833772340945,0.811543539639147,0.36312215329727393,0
0.5832774565024413,0.5860641639422828,0.34984108766666544,0.7315971907008834,0.40021260419967736,0.6530455326120468,0.022490695493427915,0.3066779597190191,0
0.8098117636860124,0.367173614382645,0.5782743320702,0.3220398571208199,0.4482763990247694,0.6079500830883062,0.6197438910849337,0.4374244335196244,1
0.6863331641788094,0.10723310536635555,0.41799326858265606,0.6341566614292844,0.5335078260151397,0.5661401246575115,0.5897036768260664,0.34305418886182387,1
0.5650855466917827,0.45363091917129755,0.6154065585969501,0.4941743690461511,0.2880777864892059,0.6795092731008143,0.4901509390379732,0.25836234682993836,0
0.4974688634198576,0.6362211197737101,0.4807253501779274,0.8169632493682444,0.47468480209706676,0.3483993244670467,0.7197987319705017,0.28989201736580933,0
0.7550707158370202,0.4243880394333086,0.31003027582439335,0.42153515399340946,0.6425384306813622,0.3403547329383504,0.44592329292843,0.38211821744607155,0
0.6447092576165552,0.8444595859609683,0.7203091916038767,0.733388220307182,0.5719398541413887,0.713967414765557,0.4845029225148576,0.5625695674625453,0
0.47585079230101107,0.39741843791149334,0.41353045500642643,0.6038853657240171,0.626960000815599,0.49468341319409337,0.5005998865715822,0.40850655196731683,0
0.39432991459373534,0.6046338427460849,0.7076699869739337,0.4007092762192723,0.5304774630090282,0.2843099065590763,0.6318261313129933,0.5606824569641542,0
0.501830149897893,0.5258945541692426,0.381114124443771,0.5393771347958647,0.5336178334210951,0.6483209894375414,0.7469804730594312,0.5574525340327783,0
0.20070562105467554,0.35135929339670285,0.35814562431855335,0.5896713117308078,0.36751828319311697,0.5641163479629242,0.3707871244532223,0.8112921468581906,0
0.9072389419676667,0.4916689271013327,0.4653906590761473,0.27868630499492464,0.6085906726096936,0.66430869851616,0.7300284415535614,0.16243811887633935,1
0.5988976060376929,0.6590132851040394,0.5302708293664972,0.6871252359960901,0.45200064263460404,0.3583478821344718,0.4586584539161431,0.22285721779243992,1
0.3401540635958093,0.4795897450240798,0.5074501664442631,0.8260501070008073,0.706402223725139,0.10364406880993815,0.19978326944161806,0.31359478339525804,0
0.6280904985622947,0.6133370705940501,0.5567988791812784,0.6365951551214444,0.4569966487792673,0.6710389491485629,0.5549600223042094,0.39476686407963335,0
0.5573273374077891,0.4334495272929333,0.5686364766248425,0.6439826511316143,0.45509644605061533,0.532157999412593,0.5268705330282099,0.39766737500968835,0
0.4183241856517438,0.8560676051824005,0.6739763595041628,0.41386392520156584,0.36925112526422166,0.3661007372241531,0.4422103569081728,0.41508817135910314,1
0.43673380608105783,0.2507069907455542,0.5200295553472192,0.6047953308009225,0.5703088881358991,0.32904592240238073,0.392559128775122,0.07653427505045879,0
0.4355010904633443,0.689063865446846,0.40175779968721975,0.6266918449461063,0.5793190894034191,0.2473817708680192,0.4407338164252544,0.643857049450347,0
0.7404390970231913,0.7847164369710936,0.6751375507726525,0.7390177329111807,0.5789774388757727,0.31074621549955106,0.6102799736503742,0.3268872756722917,0
0.5936865233392608,0.42225301299682283,0.3506296868044798,0.7385614877937177,0.5338005176874109,0.5411415208443112,0.4517942785658652,0.19086993239274025,0
0.6466575010183083,0.5989037722100321,0.483036814002833,0.5945076988737757,0.35626988039254937,0.45995678258988265,0.6094192569945608,0.7228253802352167,0
0.8009083052808337,0.3364682472253509,0.31035222945592655,0.705577181292486,0.17925846105268756,0.5002668243374665,0.6381139832827667,0.4781116234926965,1
0.5199366270553243,0.8344896212684116,0.48335536717993755,0.6141998058951155,0.4247058144129921,0.29802020551377073,0.7803297994322516,0.3984783899744937,0
0.45934292064871657,0.37228212066937205,0.5188204420805977,0.10123530262049218,0.4172462863870009,0.5607379672790114,0.2205991149067179,0.32616514290703197,0
0.4863131946755892,0.559101597855662,0.6269728708154355,0.4633417782295328,0.48914815869890216,0.6917318248463775,0.4601263168282739,0.36762481938652614,0
0.6290353929431771,0.5626805291209087,0.5605408785408921,0.6603898261050641,0.40830747134986833,0.7083347893029468,0.23886431606169384,0.3464211091289955,0
0.5547661060627002,0.5273173647304442,0.6101520758788251,0.7874141279349554,0.4171446480133324,0.3942014438690562,0.4826458022107437,0.4992609395746458,0
0.6148712398916601,0.5573414844279526,0.2687838495461088,0.6348205645064523,0.3975293379518604,0.49501055375783404,0.6989660131389699,0.24717010108715817,0
0.7354574703454504,0.6874652835149463,0.46212442962172473,0.31338815027157896,0.5296562874201681,0.43219727004943465,0.6447403287265289,0.24950090549977183,0
0.807532842512035,0.2393610318122147,0.6352292809761,0.7770743767213074,0.8914108112445773,0.37017545911116045,0.380411005830338,0.5483702666599877,0
0.32879881434177816,0.38960814768063234,0.4691600747203093,0.7154275075174603,0.6878826056273885,0.5949299811265512,0.4789403140439229,0.4109868432156597,0
0.6029497974968444,0.4878495699041201,0.35771167318219027,0.4354244684646468,0.45312622934870067,0.7659029509144437,0.7268676858698995,0.6627827160785801,0
0.7218599483338372,0.5239606459589345,0.5996024795276758,0.26775075775749174,0.5687330211830799,0.6610946071385474,0.6134771590869804,0.4736926185599548,0
0.5564582051889838,0.7829642447174721,0.539909518120252,0.6632601621000256,0.7027320928012719,0.646981415958374,0.4192407934096659,0.2973290702016849,0
0.28346186061216344,0.6093365912938198,0.40847565420015264,0.7187222276160735,0.615607761462865,0.4675411378573778,0.5486718232260543,0.2868451794350834,0
0.5127474485529774,0.7344264748725602,0.5100745735870971,0.8787212611496705,0.1841733297531114,0.5072227271094999,0.32362358246564094,0.4850530554799491,0
0.5599888496009069,0.5373959063347701,0.7097493696391732,0.3541127788870668,0.27919585278570525,0.5719065215289899,0.4288369116917465,0.5109551998736171,1
0.2536106746545472,0.6738757976951821,0.8224638561565183,0.42310746561499996,0.2760675548754475,0.29569480626492445,0.6271308242903602,0.5449088890115678,0
0.6146132366720606,0.5056872969304911,0.2968678905969487,0.49887990196650606,0.3370029728399658,0.48565205413147366,0.5500727001473957,0.47567783980281864,1
0.5561887242872818,0.7867969850975339,0.4548810502297881,0.5849263977075271,0.5735723138578186,0.6704923713362715,0.3398399248591668,0.6625852884433825,1
0.3770702772248779,0.4791413446322039,0.3138548298459254,0.5712153687241872,0.48386820887140913,0.6059963293985542,0.47887448797833904,0.5195673152047708,0
0.6274350437995626,0.452024014621556,0.5045935643824746,0.5813515002097981,0.7494995985202508,0.7157312421483818,0.3628933647274941,0.5803971782861567,0
0.49500189805668265,0.7799760149087697,0.49557241470076696,0.834372707767814,0.4123319252857839,0.7866271751223544,0.4241087533833021,0.5130377597680167,0
0.5417286756105067,0.7607661819647715,0.5765008008173986,0.5478408786171399,0.5618342660928829,0.6288384149156361,0.44678953941181965,0.4760870478461821,1
0.6666443774952289,0.7197946094397638,0.45769214772262257,0.5509143619569147,0.5901171451173192,0.39918923745074386,0.5342841993414013,0.48437441528450403,0
0.423060657056582,0.365320236346794,0.4780576586355685,0.6307875195867849,0.7015540295434048,0.48028610046295267,0.3469162394673272,0.4408186803843763,0
0.5343843446232271,0.5734220742816766,0.5828024383841315,0.44958519128924657,0.5458603131301318,0.6422672551101798,0.4998364569586093,0.5335155561156348,0
0.7164065724024578,0.6113713685972564,0.25497586377450066,0.8639633873360018,0.5151327686640235,0.6353097266769181,0.29091909610330025,0.4643491302743916,0
0.664728359217257,0.5568283766833405,0.24859686178376778,0.2982927244598941,0.17926757365129004,0.37985841563376344,0.15381810556237469,0.48069304301348476,1
0.40096911131226476,0.38391601594727387,0.5557265807016353,0.5826157016613586,0.3988400679188776,0.7288891884280579,0.6549284075928093,0.4994309667675765,0
0.49721135325121885,0.6659201121327768,0.4569846242295908,0.43830134713093927,0.6596769477499089,0.7127453967311053,0.6114114363743086,0.34459916780522326,0
0.7978716115679262,0.6123734396306625,0.41771524397358695,0.811271030509487,0.4733935748407886,0.3075206819567332,0.5463876214777148,0.5078034763757736,1
0.7958357225981103,0.6485268460727118,0.493119747222672,0.5952799907360948,0.5370921274125878,0.5557269459252051,0.606464047019759,0.3018022342962655,0
0.2991382778032439,0.6114168930743442,0.47199027488540585,0.776916518445277,0.47837230900166045,0.5655946620614622,0.5980350300019148,0.31166075469341,0
0.5742991965058475,0.5228240770228163,0.2660766234092573,0.36109747050612895,0.7117931148884533,0.6544830650892842,0.376455478285299,0.7641943973049401,0
0.6743999415527633,0.6290770918992742,0.45737987939914004,0.29118201344701006,0.3472375934499784,0.6297759879561173,0.7378884272179914,0.7480771327002946,1
0.7839690626958653,0.49407758631575854,0.47462637809689706,0.4786839000781267,0.5445100010897681,0.6738294059113921,0.6831741304729908,0.38881077248651996,1
0.5392807639489491,0.33155794935926614,0.39166233908668163,0.5595474823552181,0.5660907768627961,0.6060573293395306,0.5043907669347829,0.46709574721454833,1
0.5097876961887844,0.5020269530197184,0.44441493628706175,0.6795602612513661,0.5227673211022409,0.6147157821653761,0.19667627724128228,0.3627374937030022,0
0.7792613757607769,0.5186976308502467,0.5261657121913283,0.8042741186415465,0.5642004481975343,0.37998753312964323,0.4891070633820428,0.3107366505627437,0
0.6722353920550802,0.5332097191548875,0.599238483833707,0.8204544657172168,0.3370359639054621,0.2558144774733454,0.5351615919249905,0.40312319100995386,0
0.3838498851159252,0.6738006486609313,0.5008470905324655,0.5972206170413786,0.39100973727315536,0.6580168187564992,0.45003310379871353,0.44022752049175645,0
0.6015007066626656,0.576101700283081,0.5713192153199997,0.7085356027345157,0.5367878536418106,0.4181800044265627,0.3207957373921512,0.3648866540628725,0
0.7062353806918535,0.6435876914891776,0.3412453447134296,0.4611678532288054,0.4642410291358753,0.3733660793284654,0.41540310073626174,0.44639465046005056,0
0.4576884124789933,0.5467757532756155,0.6782639139234323,0.5073163534711691,0.6713100187438503,0.17094623339061743,0.5101421888375013,0.282123410118422,0
0.6687827406120136,0.65354257536243,0.7110146020987024,0.6887725061483412,0.6956849618334582,0.8596959833620851,0.600755022072642,0.47946180402409366,0
0.6492058738243961,0.42256020499296376,0.46582684668123664,0.3534646536270271,0.6140112780653181,0.32619125440263075,0.01565009341223622,0.3301902037812496,0
0.6314596380555302,0.4933689758985887,0.6150394770815427,0.4413175756044054,0.5674854851188263,0.2624259286704509,0.4466802000420431,0.5405809431737572,0
0.31608658454873195,0.5848591845264101,0.5057413420846768,0.36755440515471677,0.6800770686773634,0.35492922274067773,0.6315195317856263,0.4785978777375087,0
0.4959841867015105,0.526354270359325,0.5276201769974073,0.46940590454364417,0.6642143482891668,0.46472893488106093,0.5096516031533085,0.32218109288343333,0
0.6085314836609513,0.3650541155270681,0.6459027796670093,0.41238011948061837,0.5165612696838542,0.20736944108009242,0.584510352644381,0.4898163478611202,0
0.5863961769077054,0.43849580834495977,0.6920431661641547,0.6374933190409344,0.5967855416649992,0.6589415645703469,0.20444588926559504,0.2226731185617257,0
0.5582129025608082,0.49640713647708473,0.3734864770055834,0.6453835498885935,0.5525695912594997,0.5269478188900513,0.5424406924091866,0.47153830832986326,0
0.6324150896813042,0.4347981854849177,0.286090564134747,0.5039057522424188,0.2278465193057519,0.7317359012885779,0.4892808961735746,0.22095621186724312,0
0.7564483262686152,0.5973288706475279,0.20187238486110437,0.7389513447281051,0.3648192764951812,0.49461411489426427,0.8262800988377615,0.380436119321269,1
0.77921634861158,0.6043848944989894,0.6606449303679692,0.4587950565342378,0.6159107147666373,0.5697360800001434,0.6101884119537395,0.3641348518235203,0
0.7898523949137808,0.45825734726538075,0.713471291294172,0.6074984415587595,0.5800452891406188,0.6111984859233643,0.14448253296037622,0.6393072694588853,0
0.7373365925739375,0.45347151525321117,0.5826417785434632,0.7497847145183065,0.27737461784260586,0.43582254280031835,0.48894655376589274,0.5043908955444224,0
0.8675733461449887,0.6156084198519661,0.5233029016507568,0.627167621982161,0.400949282507874,0.5609196105446178,0.3618838381997975,0.3433839288428344,1
0.8449419464539963,0.5379459020277201,0.5707865106157259,0.16621128526804657,0.41766998253760007,0.5076108616294948,0.47352679134399445,0.4882641173242696,0
0.5200649173075861,0.7634803249867527,0.6437567610196784,0.25473657303563046,0.30914107096228527,0.42748242528967045,0.6094024119692151,0.237720943274821,1
0.39816015944003147,0.7085213446261011,0.6510096941938379,0.281840719350284,0.46991799365430104,0.33130362806496716,0.551580966224209,0.5048259379972713,0
0.6422522600429277,0.6630966301448336,0.5602360370391372,0.4536395524925634,0.6622727195642544,0.43261821290476343,0.568137149611221,0.5481670297279053,0
0.6347633177982926,0.39250945483931576,0.3446381889281527,0.5453014471778733,0.4239962520581,0.43242507291723253,0.5360396795957081,0.328491041287309,1
0.6926796674953986,0.7287522281425287,0.42006820168210113,0.552624529615528,0.5186125483783229,0.4786347288412613,0.19681019435005437,0.5093005389770545,0
0.4878811590340928,0.22304973630081298,0.4663061186114608,0.29580993125761135,0.34313005443757727,0.5817902171739987,0.5358563260373792,0.3392640504621598,0
0.6917542322154377,0.30612615985591846,0.2940033832827137,0.6349350307482529,0.2704006097840632,0.4255051831786906,0.5106821547773303,0.3346683976400693,0
0.6820677251531374,0.507175361749113,0.5839021507042439,0.5141312300442155,0.5573440183385788,0.3795209974995415,0.6842256938438607,0.42149577045756653,1
0.6261120330318212,0.17119409897524163,0.7648369708357755,0.37687358774406243,0.44614352065541546,0.17720136962277205,0.5017318328490412,0.6382052847961528,0
0.7903725713448867,0.5913768032058679,0.7032882555516161,0.6998532796934591,0.6155983485051284,0.3745327768729127,0.40407023020770055,0.1793360744728542,0
0.20205666278126577,0.3555798624138546,0.7366320802468512,0.8003099050009003,0.6835331449674045,0.6146981027512523,0.7042352343694969,0.29557818266156344,0
0.7856802994352966,0.49876436949667996,0.6501013989259415,0.5617746693543619,0.35844082999200266,0.48321289258953787,0.22005169785377432,0.31756593248184384,1
0.5633223873840354,0.30933283183601723,0.5556435926751953,0.6039684842557445,0.3625583586709745,0.541707009091181,0.40846192065964276,0.5391833515512193,0
0.5293922974180925,0.5880188109810038,0.43836530917281824,0.8647111219062908,0.4421526414220926,0.34504430922813056,0.4815626904259091,0.1894318980732131,0
0.7604851491093131,0.9017953027349642,0.48734497784985514,0.36957773337610444,0.5145319416214134,0.42979608328755114,0.5663209450133941,0.09960145407445503,0
0.5129399575141971,0.47843078347993956,0.3570379356595852,0.5453604615947045,0.26938696011502716,0.6220828499968489,0.5385403390406501,0.4604871237633263,0
0.33019159329571784,0.4443679245685685,0.21620095539125256,0.4580032578528296,0.6268006158753138,0.37824400098873256,0.421096793841645,0.23439334784097177,0
0.6551546007106024,0.65224792839134,0.3888367390241074,0.5336472284685955,0.6926932597934405,0.09862625879672626,0.526440003926757,0.43325667919103217,0
0.4961205781140192,0.4154397348254151,0.6680922495643045,0.5380710951923261,0.4173761779953862,0.375757712154572,0.4976133081497145,0.5065226460613531,0
0.6807456672234181,0.7602440048893556,0.662340812050167,0.5106275235441795,0.5996086413010836,0.33493174843484697,0.489659769657049,0.8110443928458624,0
0.544722745343685,0.47371963930619043,0.6198748094786893,0.573085121570435,0.6793933077000199,0.9342365308134108,0.3902003178974184,0.2621684753686438,0
0.5196051573335541,0.24555827371976657,0.7172809075687934,0.6802568333760218,0.9999999999999999,0.34231142648046253,0.2575356424726266,0.4744987999179026,0
0.5555795036090051,0.4843114972012236,0.3692438733970433,0.5690061525980081,0.6292100377472961,0.42557436994180997,0.33173547291874783,0.48796215365292245,0
0.5408884521316708,0.5489907041862171,0.436660517970905,0.9142651761340298,0.30619162357710633,0.3415166276740256,0.3662735860062257,0.547234306352658,0
0.6211030992410316,0.4767166365883293,0.6146993789815619,0.4728304814988637,0.4651973301603421,0.38272777818562564,0.7151371345717401,0.35174874491008534,1
0.5058414949933221,0.6631261770963844,0.5648611935220061,0.7816635139623916,0.3090293559698586,0.35569162756750505,0.43255652136092604,0.5874290773832641,1
0.36671838100788323,0.4779209963040929,0.5193333925763876,0.47894350785964296,0.34392463706306653,0.5209369110341118,0.5231135550069502,0.4915872953648674,1
0.6341250992018677,0.3556535028277207,0.5108527528230853,0.6871132795847338,0.55169450309514,0.4344537616472434,0.5222393534910297,0.38768485133646474,0
0.40027623829344544,0.3628630964017294,0.7941707953604462,0.6716192652448211,0.42563641731019225,0.30302793849024096,0.45894520349110035,0.5956550945306245,0
0.793456167807157,0.4742192325056615,0.5787021192006,0.5157914133251124,0.677710655670137,0.3457805514229332,0.2917228063571653,0.3392218865455545,1
0.7134989478731277,0.3834254565984091,0.40074711724698775,0.4727020965278562,0.3961077446361976,1.0,0.4541425560227997,0.6249334553034069,0
0.6715053041597283,0.5882278473981272,0.6308292072492782,0.4313870101682622,0.4664104198438388,0.5206888225828207,0.4222076036632083,0.33628941243183436,0
0.5609686546036723,0.4321210533663259,0.4062984242808878,0.4232355189748203,0.5681978285593632,0.5326572435800851,0.3967849095383825,0.6257011266775032,0
0.5258404642740102,0.5541750771602624,0.5591993038469149,0.731196271978825,0.6567443892191319,0.5464368130322174,0.5851843554683769,0.687274715102765,0
0.8091322636712325,0.4293204739949017,0.43622654691140317,0.5177147558363451,0.3758564153522841,0.7504744498326422,0.31771228742849644,0.18681316505157297,0
0.32176274998996346,0.5922239460228848,0.6382421940410585,0.3045132204364124,0.5134783006947649,0.5529491903620426,0.22683264533082015,0.5641669226446389,0
0.6110327330137562,0.524515167018053,0.4366771914304469,0.3974564050070619,0.7972115706496029,0.6554766527171236,0.6041482380820216,0.5207465856567955,0
0.6340023456473116,0.4463965335924631,0.6208112329805859,0.536088678228677,0.6377108272764441,0.6835230033663687,0.24675957190193815,0.4411613817078659,0
0.5919955768306817,0.549294471177694,0.6336547962489432,0.45592605421224863,0.34529262001773997,0.5678367023491844,0.3113457449579121,0.36722443305848274,0
0.524367469143465,0.7594762015845531,0.6941630807752419,0.48137180199436813,0.4517930172632488,0.8109194350639481,0.45819364543882546,0.4619479460509768,0
0.5155614349929775,0.5083069905295019,0.5894368772052325,0.46248295203738643,0.44408180264881225,0.4428536864760474,0.4633744266979937,0.16884500541587344,0
0.6022545422827319,0.40704971278668545,0.6799322631112056,0.4704421503040538,0.41085401121861026,0.5023773613350465,0.37485744413294136,0.5858234059170251,0
0.7351738948388267,0.39023992885857484,0.4092773520073643,0.6668987257608656,0.440084522546229,0.5580314279339695,0.28282360835102516,0.6792241417570744,0
0.6142673164226847,0.8138377400121268,0.3018505375189975,0.5938971587295282,0.694455678728129,0.3159563388098603,0.25430405027759123,0.5401436793536585,0
0.4858542746755087,0.5168170706013279,0.45366484490914327,0.35259402133955975,0.605757548678636,0.3890880867870008,0.3763619652235506,0.34606271837133035,0
0.4866097058590292,0.31716003201908993,0.5751817655307582,0.8026048348111527,0.4571973134497738,0.5806710109270308,0.4958413897467734,0.38038784293702377,0
0.49905652097884934,0.5978423639083613,0.5473277045678261,0.3510864174287519,0.5747771475057628,0.709823817116882,0.6466277498619939,0.3613446723303837,0
0.4991011680440483,0.9421551292250898,0.47126257767393886,0.21949776088234957,0.6717869161635289,0.503968857587753,0.48354240939679427,0.17359319114505645,0
0.6400153117929033,0.4397340548928662,0.37594561736143745,0.2403896071408551,0.619778164492748,0.3641539190661528,0.5619448689467886,0.5469603996547976,0
0.6194593928600509,0.44235744718426084,0.599847981925826,0.579953558976438,0.5180016811124641,0.8036730010888281,0.4102233673377525,0.4265153347148726,0
0.8061007250575153,0.5413468119572312,0.374057897138522,0.7192672840079614,0.6128671283851903,0.48222425897525967,1.0000000000000002,0.4801990922455113,0
0.6614487675370148,0.31053557717204994,0.6498862382285544,0.6073206583244841,0.4560322298402268,0.5012856668539215,0.6771402576517936,0.20710644945121587,0
0.610226689099547,0.47747633916865684,0.5017920291201089,0.2906713780903286,0.4769601668390197,0.3384703970651372,0.7906865052240237,0.42094070776112313,0
0.7435203547625064,0.41712346842924547,0.5466772068969695,0.6524752210018334,0.5431504293186081,0.3798593287221294,0.5483126479228441,0.2118255973629437,1
0.4252936633080781,0.428707301108785,0.5019808433910053,0.4434612644064906,0.601736388820185,0.5164008150060542,0.5438930830268008,0.34667458815236357,0
0.527724970650675,0.6126599129204968,0.7620595923468902,0.7950971742193708,0.5040922922424034,0.5825726945727979,0.7011689136191812,0.7535202861566817,0
0.8095880691697864,0.6217950792410591,0.36890276164284963,0.3869378024840643,0.47841186553531095,0.5195386151731423,0.4972259129802656,0.5050857312004178,1
0.4862115125618197,0.3731380682853183,0.6140411121279415,0.6217135697659185,0.6348776840878212,0.42385813771530695,0.32102190988023405,0.38441058025629943,0
0.915576201421436,0.15821455034342047,0.5013715035854273,0.44742902861096484,0.3560440133807041,0.4971427614792326,0.5845834941267141,0.573500041043744,0
0.5717597767075838,0.8151519168604833,0.48325397374452367,0.4645441501261236,0.38250090588254504,0.48267013043107315,0.38481258643613,0.5764489483700013,0
0.5860693186083326,0.49154413019587906,0.3488476668187587,0.4251164370064623,0.3003246718650898,0.08964517514233622,0.48434248985917205,0.3625787193966541,0
0.402932556478108,0.4786443314713593,0.4486229125965213,0.5604779781354116,0.6260194330996721,0.5420282405141751,0.6383593935635384,0.21207896321925263,0
0.5569512400998888,0.46942525524502854,0.33946975454475803,0.5797640700990603,0.4186924306329829,0.4230790321724473,0.5802151589110008,0.4630360118569369,0
0.639551156329425,0.909724148521367,0.2640854105409469,0.39748921891835237,0.6195028444949263,0.5504424342717399,0.5441049714226561,0.7347524205475304,0
0.47566064392053037,0.39810266155786184,0.6991282129054367,0.9111241071250893,0.2432875883385649,0.555811411671396,0.40897614899311496,0.6492908775671111,0
0.45652225207196523,0.4553864514845775,0.5036284852666199,0.3806112363557126,0.7284991976642801,0.5696850669532298,0.4274431759217005,0.321424988826065,0
0.47187280947901844,0.6578121777450301,0.6951732811905318,0.5173682972823506,0.6845925276111369,0.4347503887649719,0.2674930480368828,0.4402765099184525,0
0.34776453643701416,0.4264239410324352,0.41187151126298166,0.5509277392711646,0.33129033182596024,0.5653446998466413,0.6362456466711344,0.45582461112423445,0
0.5085366770022786,0.5119532571890438,0.507929527776882,0.33535532998217615,0.2748783671017,0.6525151967791886,0.5524715597873249,0.4171543102462326,0
0.34219044219804984,0.5949771084396791,0.4470964377247678,0.5511524797274963,0.48317178232351615,0.8551608823049943,0.6173753769549352,0.32414979489634654,0
0.42658111357359196,0.37594619417036845,0.5206087414840261,0.5249179293523781,0.0,0.41892745282440896,0.32450123442089907,0.7101085295582783,0
0.7836194295258074,0.5549990887849248,0.3841846898906345,0.40468914779370496,0.5655914273562168,0.49406921865994646,0.36906471624130754,0.5816399501892106,1
0.5221722749678238,0.4723835541862482,0.37607136807417424,0.539365993267816,0.5891104492410647,0.46552783806740505,0.3237505224863659,0.6569016015328589,0
0.632177695242831,0.42757849417030436,0.5750857848511552,0.291036732239618,0.7670916233682741,0.8796030822281661,0.5664954278457276,0.5109919692193396,0
0.6137322279412692,0.3515132837442668,0.7986790839404271,0.4432942295045654,0.5122701913537588,0.30495583192138676,0.6821369304190474,0.38701631046817564,0
0.6224668869686489,0.5844277859040872,0.4237346288865307,0.45948811430191766,0.4914903454953884,0.6332184100605436,0.8223310590442665,0.38994292522389584,0
0.761099308093162,0.5959063928392363,0.6682407231484304,0.4599296542142524,0.34070049041823774,0.38298523133717777,0.4828928808163058,0.6057574641511867,0
0.5656487434761414,0.6029654790362832,0.6621088277563257,0.4680868369837857,0.6734798860621936,0.3643439102523509,0.3912041835485621,0.5727665433771196,0
0.3451090110725453,0.9086728011119014,0.484004900922554,0.5699517064807053,0.7046391778734764,0.7499684749618774,0.6793526544069584,0.4644322861056055,0
0.5207764047393738,0.22799241272482346,0.8101660867605814,0.18179271813473102,0.3955405171770975,0.6702385734875494,0.3494490915440013,0.4145500983993862,0
0.7264223934283252,0.6094895641203811,0.6754683650793212,0.8688913242474383,0.3693399250717686,0.4851641571034126,0.6449311222304147,0.3619182645905523,0
0.5752796493024094,0.6176106610414569,0.4032102473432919,0.6493438054400845,0.7601723916026121,0.38826966227117715,0.6031579183127759,0.31268543739319077,0
0.7005942878106364,0.43087670127387745,0.2140657646617627,0.7224201287358448,0.5580256656054587,0.19573912892665085,0.46392091394466844,0.4285151203794524,0
0.4114474532927721,0.6889056508991946,0.6933869774236928,0.3912471973574213,0.5532543346193065,0.16240847519509677,0.2825583865247675,0.4134658388510784,0
0.06417214846375108,0.5830235566139361,0.43677450374956717,0.5601031071301935,0.524786140324814,0.5218156988911824,0.41168539581644154,0.5591596521204747,0
0.4799110595255425,0.41500813444404766,0.39533954781698716,0.49061711834760513,0.8246145672875342,0.6108222950600133,0.15401981770887918,0.5386112476574937,0
0.7840101857923916,0.7491704546154353,0.39551553035881304,0.6636310736005722,0.3998289638775886,0.7023128761670577,0.2744302875558935,0.4872665106191536,0
0.6066132583568442,0.4242670236633973,0.363389991747068,0.5489649479712038,0.4061371986006888,0.4518716864933235,0.4151604979580369,0.4593249014253002,0
0.6728466712702643,0.5989358897655459,0.6127573376378116,0.5655618190592927,0.6999907935992127,0.7484228750309936,0.5971563010158444,0.46915701402073284,0
0.6785399524701997,0.609176720996367,0.6445785490364693,0.597727733282772,0.6506734170764636,0.13747073334876236,0.4674358424009536,0.5123012690729889,0
0.5418726535366413,0.5994462880450908,0.5320006549055057,0.26604399749411806,0.5254447809365979,0.2915714960862607,0.5312314764944216,0.25042113000165306,0
0.6183117580933839,0.49808324692804673,0.3466723873826866,0.23388468484606378,0.7723617599804489,0.5310045827697953,0.2114790357105596,0.2725479904928958,0
0.3211013730958138,0.3805103564116752,0.46014423776824165,0.36332799035340524,0.3616413828892865,0.6117528261976831,0.6704559932353122,0.3545911303198425,0
0.7678888223580403,0.5627759469486651,0.3782785825474427,0.42262187786460936,0.5168409612118662,0.6509093837364974,0.5833171921370046,0.45774147263169196,1
0.7539532963833703,0.7333491317802636,0.4874390588271149,0.5891211181338527,0.49168020507010524,0.3055152447387248,0.5457464275820764,0.25530165689783413,0
0.450922147178634,0.43661904393307377,0.574692656062014,0.43286704686826966,0.3500371881260792,0.7669679142656936,0.3646395555831748,0.31390406547370997,0
0.5789538569483804,0.6095087090579812,0.42046003056221753,0.618529378010713,0.8679497663866138,0.5688194921832211,0.7160953085751838,0.2831088414329373,0
0.4707913978701756,0.5926053369105104,0.5797911612939098,0.7920937965403488,0.5812015819086931,0.5824608360269017,0.6935769424848162,0.5107281163704221,1
0.48591309789826953,0.44555463611852836,0.5942692913142834,0.4183206588366548,0.5397993326475418,0.48417118618758365,0.6405286710167972,0.4844019519445407,0
0.8294265778411897,0.539290065777999,0.7100113833552925,0.6121615933235552,0.40123792853455165,0.7169777115843918,0.47366430718395813,0.4514406339165298,0
0.6221390116532116,0.42640286991421805,0.5821888502199027,0.5416009108237374,0.5883984769126791,0.4977116154660142,0.24204075065765465,0.31209306132541925,0
0.38065874215862483,0.6174410093390399,0.6041650825937742,0.5477476637784465,0.38343184659302604,0.6294243415489273,0.6888973610995668,0.559300987342253,0
0.592082486737768,0.6963318950151232,0.2604798248512109,0.7068746877322668,0.6544560965681538,0.36697325855516316,0.5023934394064414,0.40270865319982546,0
0.7958541219366324,0.39098700671193687,0.4729108487891236,0.5833325235194614,0.3789440087074213,0.04129462512420651,0.3883864383542461,0.3297882840672416,1
0.7320345605477542,0.525200006431554,0.5864515064823579,0.5102516387793737,0.650396704017246,0.3022968684200588,0.4182891085631472,0.13641664184253272,0
0.6634443090300918,0.6133333993386275,0.7044477243857861,0.5547622453722806,0.6676229337176399,0.5993879057498492,0.7062022025977344,0.2649171610586698,0
0.36056440624035857,0.7580022467229148,0.4108508365630078,0.4237162445593528,0.33463465750824717,0.641927113831952,0.5972921515641322,0.3877869899382344,0
0.32138449550283116,0.5912186448141624,0.4086294526563496,0.7569588536208083,0.38411108450988946,0.586255827239588,0.5224785578718787,0.4043414269325218,0
0.6418355042191224,0.7603224757638379,0.7503858576207606,0.1757572994578413,0.49847901164457925,0.13714572442455458,0.4783426292102834,0.2513340559503054,1
0.43542936733666643,0.5672879121858789,0.5581672836081374,0.47841752388710623,0.6625020695572573,0.5023127789516241,0.4579108688700488,0.6729207863836941,0
0.5805613691916969,0.5648646731001022,0.20360201251268778,0.434263116636054,0.3357795367961428,0.7800443864841172,0.583618248610108,0.29880090567958373,0
0.5813458987018012,0.7747091084054205,0.28578723924858185,0.40486230871552015,0.3485266711197109,0.3417919328129907,0.47772867904752464,0.348190679052245,0
0.7481838309465288,0.6114756379164118,0.5662980775102198,0.6429690135159313,0.39198082842276805,0.41570885998720164,0.3898570642498369,0.5516731847211187,0
0.6903547486414301,0.3197958871973674,0.21834928603230436,0.5714400503234625,0.4984465872380373,0.5358142939331326,0.26659327760201035,0.33057915613150807,0
0.8727792688409949,0.5991140098085748,0.23447162066191785,0.3562050790567848,0.5815414942301854,0.6751893081557498,0.06681410179974961,0.4160015333620153,1
0.3532050536383455,0.2697648043166853,0.5678577369342442,0.5285961683707543,0.41861083587783343,0.3883443240997707,0.4759578812823609,0.587895584895826,0
0.2724732811389232,0.5191633141994917,0.519816611693906,0.6483412727461008,0.5601252467733318,0.5614188359866643,0.7788697342366417,0.5182210688341254,0
0.7059012527107439,0.5997771687314813,0.4641337194593239,0.5419618185866524,0.5641382425773388,0.3882477841925308,0.5272194783108805,0.44084322840055296,0
0.43252890138057776,0.46763882723285916,0.7373301487851041,0.47923264360962103,0.5767301814498645,0.5491236350981016,0.6411768748220479,0.3977983685516338,0
0.6536912988407273,0.44735680079796764,0.5848599876796746,0.30912875609376655,0.34049952530201466,0.5709017838773901,0.650055977011302,0.48153120425547036,1
0.5341664375543281,0.2935789557829304,0.43582269326490136,0.6575066347827339,0.5568437955767819,0.2212406920668864,0.5605916953235597,0.548492336240376,0
0.4975009015118371,0.7771898151496173,0.34799214073469487,0.6980330022500035,0.39215232970328867,0.4651503703094295,0.692652245036195,0.5585122262800328,1
0.5878751950179367,0.6963989937010664,0.5610124076488952,0.7416050604804839,0.5999263566844436,0.32377710225770334,0.6086778610017687,0.5888299043991121,1
0.5048128655925751,0.83604844937855,0.6552216689657726,0.7601586323623502,0.6112533505915728,0.8389049378010353,0.5180332689403122,0.5788057145985523,0
0.34341968419139024,0.4563934911428821,0.28821861438463997,0.20055520249795045,0.3928957950472597,0.15980888416045236,0.7081235137803298,0.40321939974185184,0
0.704057996948005,0.3082399001259552,0.5607589640923216,0.686010212350878,0.5656735391192506,0.4975507478715443,0.33151777208555044,0.3660608422431052,1
0.4401650682398346,0.4720787488498778,0.5107923862144957,0.5415350489642722,0.3399325842223875,0.3698345478833841,0.41515229840468976,0.6224433648842168,0
0.4292419182717897,0.531773375087521,0.41566331397559403,0.5109886231150766,0.42558928226343506,0.3764174967254299,0.571997014665666,0.3165591936689093,0
0.5693599925370518,0.5719429446866164,0.527269764220838,0.6965508916390287,0.7556275206033941,0.5934427481124829,0.5919712830482103,0.6137056945224186,0
0.5005592455799425,0.8432379417738519,0.5304456297007546,0.7312453167903905,0.5346363949405479,0.4078605094451001,0.4799978427150891,0.625414097126914,0
0.2935728636656122,0.6629303068859708,0.5681272730360226,0.7366877187056883,0.5134263816867434,0.5745325103356134,0.4279376239663223,0.387142990818813,0
0.49919606531057964,0.8169205069103409,0.8056303788213117,0.36214614287582936,0.43245491168676725,0.5667038552582665,0.5354911989737015,0.5085907385837851,0
0.7023202731770235,0.6912978756932256,0.6428516267195525,0.3641401539994629,0.5488811493173642,0.5973830715463888,0.5134789043235193,0.4095472301554723,1
0.6488848865600958,0.7793440554675743,0.5583070290549603,0.8588662813424168,0.3357366500748081,0.4324464174585186,0.5340004521437702,0.31165099976651245,1
0.6994354662893406,0.545894052401619,0.7595554993558151,0.5173326353169155,0.6359972491298207,0.5171137172103738,0.3934158210730452,0.5815638187601779,0
0.7206214524468418,0.5418522610133178,0.542587719572294,0.5087708450231037,0.5093729023970398,0.39018797779892306,0.3583898971011686,0.5004068990356586,0
0.3133489607555802,0.5334491501159327,0.6474563601546819,0.6495040199583638,0.26269315685406985,0.4250180480634237,0.5575885277009188,0.29550112989362365,0
0.3959108888163812,0.4932561630511678,0.43256454019817486,0.6142274697271151,0.5433807711897876,0.8194711362965164,0.13898992200214666,0.6278005664603485,0
0.660237318263835,0.532097884205852,0.3847513562492048,0.5404961604045357,0.4172021480533253,0.5114357652017448,0.39735588291421553,0.42311225154201465,1
0.4502827901444093,0.6230971554945531,0.8348440200680189,0.3956440066340907,0.5814149885644857,0.37486252139362874,0.8536360796442235,0.27734825279658926,0
0.5289651780647099,0.48645260908913524,0.47966433268976044,0.40169350571865736,0.7180969990452122,0.6302633170600104,0.46584537053790465,0.2727877671803195,0
0.4675360760682141,0.48998019928327735,0.6692136037283949,0.345849654014746,0.31784534973725265,0.47625007117021223,0.5096913694302996,0.41756748213720085,1
0.6249940326394235,0.3819848961158764,0.5017989280084367,0.7035416238602237,0.4015059634385452,0.3251874981688878,0.4122321278218867,0.43585702776208807,0
0.6433467568491901,0.40936953526342307,0.6056447374957439,0.7311703486996843,0.38559075643889185,0.5385207985694109,0.24168065671764496,0.38152264531467817,0
0.435524596197404,0.7499162083762312,0.3720065893696559,0.5671657849155815,0.47481962556809154,0.5647931268295792,0.691090906329302,0.7623269570826867,0
0.6230506720915577,0.5750660242738403,0.6303263786188407,0.5931339959726746,0.36960620767049945,0.5673628386874997,0.45928279507763553,0.5733772948501854,0
0.5258262839531438,0.5010302784571767,0.47899257454950134,0.6055889909282965,0.29070751069274403,0.6976840853762388,0.6782465987912195,0.49851540170213315,0
0.6443066577245058,0.5891298103377232,0.5847833617075348,0.4900237993118447,0.7059784790415814,0.38028691859061553,0.40770125792714085,0.3625931994890894,0
0.6865268865003699,0.37063446707892833,0.5327217834096872,0.5194415305628141,0.4245434626696783,0.33384893153502526,0.4921589169213659,0.33434579783309654,1
0.3464251811530059,0.6106172131746928,0.6835318685135623,0.5491120371165205,0.4816201250534117,0.8599857401425612,0.4738401939146779,0.5609814482543025,0
0.6497277152484195,0.8054058730911056,0.5944941726778593,0.2687046870039468,0.5043606478167961,0.37992155988864273,0.36728568832645364,0.3958829235892808,1
0.5846826971339354,0.41874471457250717,0.5656470285229498,0.5516403814320796,0.639367947872951,0.6545861657013348,0.8887067736689405,0.5712992010568673,1
0.6384489759502401,0.7766844223684313,0.43392389282846133,0.7735063833724108,0.4069108087995008,0.744846035460395,0.33769581281923117,0.6082987517497167,0
0.4468886420542366,0.5051544087530272,0.5297092484413188,0.49589522819473564,0.6472174528005423,0.5361932696156388,0.5420086819329125,0.5725756265897708,1
0.6121623317131465,0.5164680780540084,0.4876971326228567,0.6825353692924364,0.3735509031624046,0.3919501236355406,0.39738694257463425,0.5143419930117656,0
0.46367823339088493,0.5172471778008975,0.3239683121508402,0.5296827903449828,0.5322700796796622,0.3285087488722468,0.40884479864654294,0.544356163106666,0
0.5983449875727934,0.6037270037544468,0.45625328845283575,0.6054767057833512,0.29065925163029327,0.4705328207271242,0.5193370529143437,0.4076865824142245,0
0.6736646163075657,0.46115661085272497,0.5295466548532142,0.538211434767601,0.6530069137120889,0.14098550084900646,0.4585668852858419,0.5371541179200685,0
0.41945419384025007,0.6633546912162502,0.4966605326151903,0.880868767897765,0.20928900626451907,0.6096157607523693,0.4818780415461982,0.3402413596142824,0
0.18982887559506562,0.4743235099639436,0.3481237301958896,0.571863170728707,0.3561364959885644,0.753658792093426,0.4957868209584682,0.40042124382635436,0
0.5052327232542794,0.6752869723738125,0.7293395560879675,0.2355811209495099,0.5903369661263264,0.5366979068804,0.6379325356078884,0.37081490490274455,0
0.6902268130134608,0.6697791917627922,0.35002401705492925,0.34830280111936485,0.6189804314605689,0.44726333199488283,0.4810930744907902,0.3638210279387951,0
0.7255076363748241,0.6218187684076789,0.49211278928641083,0.6493534691758087,0.4483697923439961,0.3538373463483662,0.32295953346979706,0.7237032677796591,0
0.6342533895101319,0.43368359728810685,0.7234221084778973,0.6178197274748873,0.5572054920032624,0.5924335859943521,0.1904339536764415,0.4623051288252832,0
0.48391369597610684,0.31944588816862574,0.6857688240624036,0.881685834146077,0.48063075598019345,0.3379498927688349,0.6215593590965225,0.3982657242418827,0
0.6030829615734269,0.6261330036897,0.4033839635584518,0.38511099460757425,0.7485499931804718,0.4307362245018341,0.1308880513859087,0.49472057568985806,0
0.6336228708640246,0.49276337893457195,0.3755292846691721,0.5429206914740079,0.6091701401397343,0.6694990526105923,0.5594854223858855,0.5071228505793027,0
0.7815182792400737,0.6627921923198821,0.6272172850306647,0.1969439078222021,0.5379397486565133,0.28975878436022934,0.37586025868280365,0.7104031756320357,1
0.585018103081092,0.4560324427929705,0.4685548943492027,0.5484474532322322,0.6711711842976802,0.6227203912776497,0.40921153778663377,0.40834409669958105,0
0.6504503582525157,0.7047093630554969,0.22733177699564078,0.5286797719561406,0.6989320507580273,0.3380525210336851,0.34750333920499255,0.5111733877593267,0
0.5765016140277691,0.39100475169662663,0.35150056241672173,0.7477294343292089,0.5798613906490541,0.4473517785674202,0.63897499578892,0.34591227494067445,0
0.5037773017636514,0.4434567391849434,0.5161821771120714,0.5922503360006914,0.5771696545798864,0.2914031358185386,0.5294560443992556,0.5476497964142231,0
0.41529156252414745,0.49105668883436365,0.6207739715236685,0.5065002198527981,0.5988724242643997,0.40818451224079255,0.2692472634483086,0.30331572617576574,0
0.9824848128004819,0.4924925858543351,0.6147405009065481,0.8795007239930297,0.6869293881280335,0.5423567041562306,0.7691305001098983,0.43211710378356416,0
0.5350576631462947,0.4870172113352895,0.5094743342345175,0.5148466192293604,0.5698745047733719,0.2509367586626644,0.29510705793880687,0.5865398414179419,0
0.5050318721448572,0.5333139447854689,0.714156539621832,0.6499721854702027,0.6712123366975479,0.2512497041639493,0.5279006823947319,0.43077148112399516,0
0.5912083278491782,0.3872787317406508,0.4003935777265716,0.5039061749615394,0.8364709351027311,0.48494019574811936,0.5225233068678296,0.45418752731242806,0
0.7872940415018006,0.6295442638906925,0.6143998611649999,0.5793774609003487,0.511568419840544,0.5432873841549941,0.4589090706029779,0.5519475003925074,0
0.5487939689122173,0.5970404087246147,0.5329212909539718,0.3562467426770606,0.37540010499020326,0.6710199396058316,0.24950073974314987,0.3820522696861193,0
0.47258062828653724,0.25184974842763264,0.8318024495930036,0.5484428745065578,0.7594005210641042,0.6158731940862235,0.6492390579251319,0.29425878552952034,0
0.7732536324981696,0.8005069121254236,0.5740028692108813,0.4757860850007694,0.35810039927483917,0.5606714568565478,0.5179697833609801,0.36958017226834283,0
0.37270761486495435,0.5392743724006968,0.5499204039289014,0.5994241268402373,0.7674902600073787,0.6142442357371479,0.4572182366374364,0.43110799682314055,0
0.7011543288257938,0.6777793846660642,0.47244387524018966,0.464293031988279,0.36419840597001174,0.3800779681044795,0.5742863020021154,0.4844493196447915,0
0.7373180665338919,0.6427614586510216,0.4601974349477694,0.7146720281078042,0.7103829147935987,0.41143913811193866,0.08070650864707074,0.5505070071404254,1
0.41719299936365484,0.47064011762299285,0.7143534066757474,0.7566000045817626,0.5375736963485042,0.2919650744202339,0.43928802118398513,0.55856191938052,0
0.6561837199186424,0.6505746422783981,0.636032796158947,0.5444754037187263,0.589630406091998,0.22749648698548935,0.625745780200454,0.48092376335045117,0
0.5466917908658111,0.4818001123727368,0.34997003448648756,0.531425394752412,0.41850932802469626,0.5356385635142302,0.3461973477238117,0.46249310864226045,0
0.4542477207167226,0.5142315598834015,0.657756454469289,0.2656162426727231,0.6205729668143928,0.5738134144812843,0.3761793326096718,0.31256523824413973,0
0.6376690102443137,0.6923377324857615,0.5318126524943424,0.5265651859026267,0.3119792444722231,0.5285985551258563,0.1567771209225544,0.6450704374185909,0
0.8394591499731225,0.581156554841768,0.6069445064679847,0.5433060748760077,0.3828570675731005,0.7239587237160819,0.5253497285078744,0.27581242282287044,0
0.3702099685468211,0.5745632966453672,0.5087849944289146,0.6404005769337848,0.48018210198699285,0.49057412216822266,0.726227296703448,0.2708380428973618,0
0.747006131163078,0.42321692730426713,0.6019445750500327,0.3977842571264538,0.7411782556909113,0.5921440160213857,0.3703133423649062,0.5905283724443058,0
0.571246051620346,0.3353915824064817,0.3850936040320249,0.4932930261613907,0.6620083900257625,0.23763470700130507,0.4058863362675493,0.594241770582173,0
0.6381338572810562,0.4406616169569123,0.6723003594990803,0.5426279402765533,0.5935307886037139,0.47736124716284534,0.506161282745521,0.4517535263229947,1
0.48138004914982313,0.6616562917745084,0.5983297515854125,0.8210229285113986,0.41194448293111635,0.5165849396415465,0.45386094829034573,0.2927190804919657,0
0.4558007821051133,0.3518529460788399,0.5228603822724822,0.31525774144152663,0.6167241562763006,0.3337240266686994,0.19581210475843103,0.6660907616680134,0
0.26171778586072597,0.808183632224827,0.4411485523603864,0.44033806043038115,0.312314875994236,0.6523986006882605,0.6180994596454437,0.335953819474391,0
0.5079361069275913,0.6401570605574949,0.3586952385169159,0.5201004832746816,0.5088141824613914,0.5578202653173252,0.5127226451307474,0.6017479915361309,0
0.5035793285925398,0.39428319350471996,0.6122425364074203,0.5144728235058966,0.610436630726729,0.5595672674905933,0.6324162522068932,0.4473773566633322,0
0.5027123981819339,0.6238018774679304,0.6165125140921843,0.4465035604365529,0.577444103132297,0.4538855185404374,0.7036177992838478,0.3425523682899426,0
0.4308202094753364,0.7975678917257851,0.6720793512470488,0.7719875530666316,0.6361441684574758,0.37664721729762857,0.39746599524362347,0.5116693214378834,0
0.599540641042668,0.4994426977303538,0.6773234969853864,0.8354376841167122,0.46864253282812157,0.5342438012282141,0.5241541680020283,0.5795233255328547,0
0.6568696412306377,0.2833411808375631,0.6444501528607971,0.5295280273191845,0.6044482371665015,0.458858237632345,0.6381842247087138,0.5095091375056153,0
0.4541325775109226,0.6441243393696106,0.41909893679002286,0.3920249485622377,0.4893821784114024,0.4685580321842611,0.3171483458238808,0.4729720883698102,0
0.7769527140694953,0.44562446459305644,0.5206052661580713,0.5049440952147372,0.5245989267899118,0.7942907760111689,0.7084958045027214,0.46743989185323415,0
0.6501333775009216,0.5707077431400693,0.3898408122544208,0.5996674183240465,0.4613083382424498,0.4835915093345057,0.4907632122072593,0.4015280185659857,0
0.5257646683317222,0.5300171062691861,0.4501474426971812,0.31666797618740594,0.7245955322144707,0.4158176968731856,0.5661951366936648,0.2830492601439021,0
0.38162041687928727,0.4456987440962128,0.7538973167581863,0.14958385035301874,0.5976899612238851,0.45428453324086143,0.3676574173087661,0.6841264030066704,0
0.5634779184022347,0.4905042465915329,0.18315126380779423,0.5090260294579187,0.7315369997187953,0.6670509219487244,0.6159908522672511,0.4572796310832756,0
0.739843455820887,0.7393594446857747,0.08088434395063199,0.4967725191934389,0.5135532737272459,0.3650978265341267,0.43825704829447565,0.4284954927149595,1
0.7012864525664596,0.5355183885484043,0.42091315002220736,0.5271970852349589,0.5149704046417675,0.48646357824847386,0.21904060251632884,0.010976815921803773,0
0.3867570658102277,0.4641812940910227,0.723530480777423,0.4745344264017096,0.6451465362069978,0.5223605172781733,0.6656969404973554,0.5549061812629312,0
0.5679568856716155,0.24265387565096092,0.31103085193587776,0.6460010208075145,0.5046627620395329,0.4294577899475603,0.2692776727027265,0.41016919377631544,0
0.6050280530841542,0.3923588172677177,0.49931456644069583,0.35126272039510276,0.3994560636716824,0.5867387688143846,0.5343206142559036,0.36697900713315423,0
0.8138872418673188,0.4401114487993264,0.5979108475198265,0.5070734269493261,0.7412549075444014,0.4701333956471731,0.5065500852984403,0.39691421864137094,0
0.7644095988353705,0.4370320937965064,0.26666328814557744,0.5190735013550022,0.7415477867390305,0.557396035650191,0.7495375714217557,0.6730584280529173,0
0.5788910514062587,0.6007589384761758,0.6243516665270674,0.6933311640879767,0.17738828983584065,0.6101998625137777,0.43603626236062826,0.4698949845740305,0
0.3158870960789264,0.37881302964202296,0.5131976006321821,0.6436819447636511,0.7574260389707312,0.3654956148937557,0.31964910216388875,0.5823459261717403,0
0.4529912751373106,0.5789717508259872,0.5500721343106282,0.35835909485172057,0.43646353797777876,0.45815241404165136,0.5558831523359289,0.4877166582826987,0
0.43534723324785507,0.4012020092320843,0.6030549472001193,0.556753426392659,0.4121110310064558,0.6490661723387778,0.43386159848444156,0.48786492431626527,0
0.9230163753047325,0.32728520049099763,0.5368859221667632,0.7255560863490406,0.7295199054995907,0.6957984374106665,0.6296708315587982,0.702745706378594,0
0.6636111029636519,0.553428562672859,0.624323594667148,0.5444492630091237,0.7303677348281157,0.394234729888989,0.5371826577758195,0.457945263128127,0
0.7323225696566945,0.4880242926138979,0.4679934645633347,0.38143738743630656,0.38500297880421863,0.5318925290865909,0.36427602800708425,0.5896292575384418,1
0.5529848583836177,0.6266944511117337,0.4791260455719736,0.8213251424448577,0.8043962312209033,0.6338260847886493,0.6373603174659564,0.38432615373990325,0
0.5048143629820196,0.43209251900722623,0.4041062901363093,0.8229000844412087,0.19082341933065455,0.35043079038353553,0.3631437922027244,0.5706844132829519,0
0.24010814846650252,0.7527014123979608,0.4677458330008758,0.45724828535832357,0.5411525268438544,0.24178686015322498,0.5038759828953102,0.4809875220703212,0
0.4371792043264321,0.5538796126731543,0.4889742612483507,0.7699707306388568,0.4621324760187877,0.3878468879159025,0.39718628721721905,0.6917273907613021,0
0.38461651785710027,0.6179320422175609,0.4436045287924427,0.5907038872257024,0.48908903008786364,0.6134495528705937,0.41986259867709025,0.3281897045192912,0
0.3927571258841125,0.3865878319899496,0.02630226730398999,0.5427204831819914,0.5787894131616421,0.6528549044702288,0.523415340917545,0.4746072592652557,0
0.6785412222517446,0.4375950224238507,0.6561813828982195,0.4485477227215967,0.2753168232187023,0.4528381093189457,0.6439082322578489,0.3227190686534491,1
0.7807174031577042,0.3657747824569172,0.5734656013211199,0.6595061929119865,0.5486720484421508,0.7577570769063504,0.3635827462887974,0.4938280606292684,0
0.3846531993567107,0.6798405020414299,0.5888359973003601,0.40869674957343816,0.5112755543080837,0.5316024106570366,0.6645107873112956,0.4478779391058693,0
0.6501990594501554,0.25859500845486855,0.4512252474552793,0.7716996160116988,0.3807588813108462,0.605571209277465,0.4490917669342334,0.48706730569711715,0
0.5161203105261754,0.5936152065202418,0.3528046436590928,0.38197011749561405,0.7699747555910932,0.4449595128018128,0.5638414362504961,0.5514292229571376,0
0.6695710863681972,0.7587394938365177,0.576271895452086,0.6328862554763095,0.5656242098850185,0.4104783429110349,0.16566411023539046,0.2909312383476853,1
0.4518643506548006,0.6574811687044041,0.4483932621525587,0.5124768652485597,0.664333693374217,0.5777760956719057,0.20333566042073875,0.43973413990072246,0
0.497509616170292,0.2919454341608244,0.42656949991467197,0.560891813531814,0.43472839666207536,0.43133604107793383,0.5340466574741578,0.15886735392701484,0
0.6071620535332574,0.49304167509279856,0.8190301363127048,0.5733514920736666,0.3597936482633471,0.5021444484540294,0.35458123594587704,0.18304122220501667,1
0.44789119338126904,0.33571992825007585,0.5170614675982056,0.45035251163604956,0.4429532740336324,0.49200932680363696,0.36390189074913776,0.6129229406560223,0
0.5968713186573018,0.5500067205023408,0.6116912360676335,0.5127733744331341,0.44272409345375846,0.3342871486298302,0.4982504746719638,0.4060618327277226,1
0.8893802608286984,0.6932065525102756,0.7105200207809956,0.5912223991353214,0.4547743610716132,0.16425961076824097,0.42349312070078404,0.18978972556025708,1
0.46815503906174905,0.6763138356588208,0.4719854718516425,0.5413682972430114,0.5360809342660363,0.8561882202525892,0.4718271099262996,0.5689427152693509,1
0.6085732269640961,0.66488074306353,0.5662470578248341,0.42717490952881554,0.6234815094179504,0.6669512642313372,0.6771842828633395,0.5828992778821798,0
0.8528779798991034,0.7633127484941454,0.6823384473203092,0.3171689471021011,0.6046377666173418,0.595021744769211,0.48987321814136714,0.5464741370066136,0
0.49732445822818516,0.39526904495487336,0.5463094165042245,0.6140709894686687,0.38809110643440947,0.2517243399776945,0.5512835886158657,0.5331135267886474,0
0.3850936896298895,0.4875675200282916,0.7789960319069027,0.5395313644770696,0.6879532916070444,0.4583017870204906,0.5940214640305203,0.5677527592330399,0
0.4785329891229626,0.7363234080375323,0.43070134882274175,0.7810660304603197,0.21608900072040188,0.5002923846374606,0.1642875470905416,0.6412312394312705,0
0.8310564083340743,0.5598270923034211,0.4383628748371006,0.32686595158920373,0.5360840244608256,0.5052794189078693,0.6075037786100537,0.6019636090964027,0
0.7138902233332252,0.6467000929960863,0.5766811575675241,0.6308942833897518,0.534290018949421,0.49736216089509383,0.0,0.5098206003774812,0
0.8104419603523032,0.5342558635372976,0.7375291336450023,0.37938674187166554,0.448454741497944,0.6316760481907653,0.5131311204204677,0.5210879788162689,0
0.9235068911805187,0.5232502050669977,0.27077274160072895,0.704276773692956,0.5434984016557518,0.43710716851084086,0.4239643387983478,0.36366828512025084,0
0.5202308852331133,0.5265541854860776,0.7933883523533256,0.526052981281391,0.3735107237553593,0.12929653060428475,0.26576755408445885,0.6784038627075115,1
0.7706843643209792,0.41871297909463945,0.5650927517958694,0.758372584553219,0.7705306237455513,0.4432358022416824,0.28513201080107814,0.35548208608510434,1
0.23999871824176838,0.38046279423331575,0.5356571409822561,0.6587542168952724,0.4513776836910918,0.37764079234001235,0.5797433690603678,0.4876098146660219,0
0.6807814561247705,0.7625327782375357,0.3941596358309496,0.17977373649031586,0.6491478044088075,0.5097730334483106,0.5423663083781416,0.46174361250475393,1
0.4974180984904459,0.3412165078780401,0.5951595590598555,0.7610668844297825,0.3736522124863529,0.6819544073105024,0.29869296857639105,0.4694384363192361,0
0.4384681491502334,0.22373920758279991,0.6683880974489748,0.6555687804224858,0.520512865194546,0.5917468547619398,0.46526875448107524,0.2846309645907038,0
0.7667879405831369,0.5370557720811949,0.5593273770976261,0.68120708637463,0.6690592219986533,0.5727697642388354,0.7116203985688491,0.3309388758859924,0
0.4920324706323945,0.520396820479709,0.6825085346061024,0.7196160066765245,0.5453455352825153,0.18339005977019168,0.19260116432045876,0.2754878449876722,0
0.8450581931549728,0.5090983522430538,0.3369432121278395,0.6781931360137605,0.1888221439322776,0.5234781512383185,0.3651470747829969,0.2893464453027707,1
0.27386731938531084,0.677698490714939,0.5429553257557008,0.5714919573053755,0.652644700744886,0.30967006921283563,0.21720431133117407,0.23035437954047008,0
0.8207561851874632,0.5341078579277614,0.5369766999180271,0.26325630134606653,0.8337594429376256,0.7135259595077678,0.26767295247824263,0.33908305669173683,1
0.38948264618340367,0.5260931705819422,0.4085063837863557,0.5672323910312325,0.4530920542965952,0.13286381891636967,0.3292883279340272,0.4554992396276889,0
0.7373967444252065,0.42911470005743646,0.455990749479049,0.3584413435412266,0.5660250242733053,0.5874533906401552,0.8197072609087606,0.26924737843341867,0
0.6918124861890166,0.4981973153840439,0.6991704204476974,0.3068259527385837,0.3871981277130192,0.6143056495109945,0.46116921280547946,0.3831339444368445,0
0.4784836832031978,0.5372342982315583,0.5075891279391945,0.4541708462630656,0.7804215930782707,0.5076972824369334,0.5654641651908809,0.5321125584602575,0
0.8008916073393558,0.433456024772244,0.467833515021497,0.3228636842478032,0.3328506433764513,0.46252807288192566,0.6008814000799501,0.3647477443586427,0
0.5875789071061427,0.6040439796346533,0.3640570788278543,0.5338200526646922,0.44913872887924833,0.31818073810397995,0.4163986934920265,0.2941241225708899,0
0.7962009586590058,0.06943182128497843,0.6081401198904328,0.3170385712296633,0.5053151438897868,0.34982484711701456,0.38178926744230296,0.6116398012062467,0
0.6431784775363388,0.4451718719209128,0.5598748477491107,0.5526501181071046,0.7787829999406488,0.29218842300485726,0.6879175213259707,0.9286112479298347,0
0.8204813475465509,0.37461039904182053,0.6767875543122545,0.7080844111595569,0.2002975956595499,0.6464948339537666,0.31901922416835204,0.37744273605193407,1
0.6690912956201487,0.42394175909367493,0.6481618025472929,0.8472833183329294,0.5258343808041418,0.6771806770976014,0.3719260567441488,0.6899269198187213,0
0.4730275021374004,0.31556895224078413,0.40366676909752963,0.42195481327267303,0.5454824385120195,0.5827836440838169,0.6615085581419471,0.29923753014709065,0
0.5141128160600412,0.27867033290836934,0.8254496189569844,0.5639614727222519,0.6457649435643604,0.6435403864723196,0.44350917102197157,0.4146478838682089,0
0.2650287908865759,0.4980684666222639,0.5406076788477723,0.438838901837031,0.4636121019335522,0.49548643483625077,0.47740368805103844,0.3018158504061288,0
0.5662910163806217,0.4403952357451545,0.4330773561575264,0.4637867056080551,0.7076525408562186,0.4322999412407227,0.45220366873483286,0.5777697288651192,0
0.6477564821860465,0.2534459975508771,0.5617273868002441,0.9723069784415121,0.5304838289754665,0.2867255294679173,0.5902684100587766,0.4475818555559409,1
0.6445037087768325,0.757065096530673,0.5147991642193841,0.7196627032705728,0.7099049432716938,0.5303720443000915,0.7653579583888702,0.5612144847416102,0
0.5330504966145485,0.5344199299236895,0.5239684198271222,0.4815185731048868,0.34393609399392305,0.6258910674841908,0.41915840155574946,0.2913447538934287,0
0.6872320342816607,0.3149808512719988,0.4660480749906578,0.572331896737257,0.750532846891514,0.44461331940680604,0.40402019477817996,0.578074766613028,0
0.2974066238150264,0.4265565076530143,0.5181934938024613,0.6453147930916207,0.7106173403220327,0.1575654220584639,0.42842472910012735,0.732876927707868,0
0.4949479222228339,0.5721728415266729,0.6804571008181663,0.6207434981926259,0.4591763991203667,0.37480778831083483,0.4986738775108337,0.40639159500204614,0
0.45138383429507084,0.3039059966168325,0.7132803079204566,0.7199087259456286,0.7462188136836847,0.4718248754171612,0.5843099701521656,0.5600557692763176,0
0.5017035247143468,0.4185741115914373,0.7068977757225928,0.5796850097254417,0.3254895984673202,0.8089735110003066,0.4010491771684513,0.622362866467449,0
0.8758662624333677,0.8012918461878299,0.5407374056551482,0.860563673594766,0.382271255171846,0.6817318562834873,0.32528201384157585,0.3985787668865316,0
0.42654321219248426,0.5815338193686921,0.594152910956224,0.12190690242228625,0.4002804952111308,0.4438922235344019,0.5718687842049701,0.534226178789438,1
0.39585022906527356,0.6201289801905392,0.5011554180536747,0.47777691129818406,0.5763058517164054,0.4818929640176549,0.4701768868028793,0.24256613470861144,0
0.5023659246019784,0.46459975069423465,0.3399467975639748,0.6233469412641739,0.6290758460154054,0.5671032035663087,0.49234808442929184,0.5730523217454819,0
0.7970930919807694,0.2957890042976037,0.26338861343364683,0.5232047658580482,0.5463736822318986,0.5467217466097993,0.570850760863756,0.19019730587404282,1
0.791211606480126,0.5414938214184574,0.4037218280228484,0.7691325678512977,0.5165641043846989,0.49128131875391956,0.41955259550860147,0.4192140089671902,0
0.4786031428467261,0.32884280500078217,0.531992577706798,0.7289307556831441,0.7286737628491103,0.5477464261499344,0.5782535907571542,0.45715341475636834,0
0.7404376109013947,0.5119578564100999,0.4957239740777779,0.6495643825932029,0.6256040544075738,0.24127123223805746,0.3481641522204626,0.390565318265925,1
0.6588684610131128,0.43897651355244044,0.3485661123823306,0.28052228970538134,0.6371583964987071,0.45775034457990676,0.5208781953476456,0.22053613740040728,0
0.3635034983583865,0.38761297374829273,0.4610757908141159,0.30050561637782214,0.5624136609172852,0.2849249859400687,0.5285115548255608,0.4347020830297789,0
0.7375734164881218,0.5372394715643465,0.5536246667754174,0.9121168636034593,0.4095348878395919,0.24759108103063718,0.8070911071960505,0.6691048160634614,1
0.29191603224088203,0.5566008895971891,0.47804241487652455,0.1549715758706423,0.4752488592168264,0.4422791246584941,0.25791507271861874,0.4279024120302903,0
0.37983647094450873,0.18665736460994925,0.48812385214437515,0.4576231894263724,0.7448528382524826,0.35077489860694716,0.5529877502076492,0.18590298347275136,0
0.5687293554833497,0.5885224309870417,0.44446088205238427,0.5734214246661946,0.4519442395854061,0.23047597492848293,0.672596645483384,0.5046366931989861,1
0.6605573834674576,0.42545462783606525,0.5792059292398579,0.665428857776227,0.6406827641564484,0.3835739984149526,0.2365749905028358,0.6699747801086205,0
0.4774394351392516,0.7105582665526473,0.5314213003532956,0.4604670937556434,0.4418295133410017,0.5028728730732327,0.4081943839660296,0.5252372326243352,0
0.4697379183785838,0.6466197541150309,0.6497633219489771,0.5356340332099694,0.6386552678140581,0.6507764251894024,0.371096477097018,0.5976005010944563,1
0.7579040257150906,0.8943686946135043,0.44879323580485464,0.2935645783766946,0.44935648333250355,0.5062591474534062,0.5987759359965095,0.39803210361611124,1
0.3750339871249678,0.5415333130260369,0.6181276815364025,0.5407122359576946,0.41192272393270446,0.49524573828934776,0.44782487934354787,0.20105412260476935,0
0.693200403446037,0.6010085304896031,0.5536356748284069,0.6320257760480062,0.47702600317914284,0.47904858130489725,0.4589863983400786,0.49557484666348484,0
0.6259724898535649,0.41117120075992963,0.751347099219597,0.22226893724265745,0.4974336230798181,0.3765048826629831,0.491544302202855,0.3180257998752217,0
0.4999413630299626,0.8099461619627359,0.7361143856726515,0.5929851993470736,0.6279607405557259,0.6428520864056547,0.5996238058695642,0.5069138669872446,0
0.5757389980549557,0.39638788729627783,0.7421268970342775,0.5128846880065714,0.5473227170638291,0.26479801749343607,0.7222599487161843,0.4162534548496414,1
0.6163398233516644,0.6841936381612992,0.6808321056768444,0.49392915962745676,0.7228157488274849,0.7651314003332255,0.761890997527523,0.5606281748664356,0
0.5492163659818902,0.8193850279316217,0.6592695391226222,0.250142918469843,0.5073252447778119,0.26682429100364113,0.48851650770752814,0.7183533849774801,1
0.8083579546944245,0.47955758563826834,0.5055586935930475,0.7693828265038575,0.6282312008508462,0.28941043653956877,0.727421387393005,0.39116970891673203,0
0.6614206346707243,0.46222805479382323,0.541962227135301,0.5687535452489063,0.6404148585317634,0.7127992070740272,0.39490270147389306,0.5993845837363856,0
0.6952557255141008,0.5653069163813194,0.5666208365827885,0.6028946973150617,0.2507725604130972,0.6417462619666527,0.6702314604989867,0.5117144887727175,0
0.672492701094522,0.5971731828081333,0.5133928707634973,0.290391146896005,0.47602000165507175,0.39922905356607685,0.6336408963645672,0.5303952297418585,1
0.5175054569544194,0.6245966786202919,0.5994911839101775,0.6887836340164549,0.5776495431675197,0.6095408970865953,0.423362117257708,0.676367474494854,0
0.6298863198540661,0.7228517491916705,0.5910277381005848,0.5266855356498675,0.4682186346118573,0.4994235686737176,0.4733531128251228,0.4432767803612914,0
0.31765750108348695,0.42846439144827553,0.35503302102763323,0.2843838246837632,0.3949887880827202,0.4047068259639428,0.5239444579361412,0.46091125410178657,0
0.7296621404213716,0.29792125635707356,0.23031162214326756,0.9031736333011575,0.7192060748515194,0.6374941058383675,0.5799670376189654,0.5105888495642679,0
0.4839744933645727,0.4233208937127209,0.6308049614655717,0.6506101902614468,0.6840258964096525,0.39034679089903335,0.6996095813106091,0.28588265449374584,0
0.5212520280172245,0.7197746591223565,0.5905961425319683,1.0,0.5152775987476208,0.728289579405729,0.6641273405621334,0.47358483642426086,0
0.44355979463015255,0.5739705481824051,0.3986172197207555,0.5044130478091753,0.6590301417165844,0.5680197649827039,0.5881066073199143,0.2846700180584599,0
0.5798349412046019,0.6647675741753479,0.3945204563449543,0.48212620771906334,0.3793099323821393,0.4147328556184331,0.474728165915199,0.4320512555974929,0
0.5479869865044901,0.5628861009778473,0.4463444682187589,0.29288755083252543,0.6479608903495218,0.4331865602794266,0.47849005660367133,0.4451458783279703,0
0.49716400934613114,0.07955304980095013,0.3494856430196288,0.5524028187640524,0.49670680612469315,0.36673866335255334,0.5909879587046583,0.6372895663385292,0
0.7913494381278066,0.5017931484656641,0.2168675337422662,0.7471153147403156,0.6232407132432045,0.40426098778183905,0.5674504400083672,0.5276284674623428,0
0.6398262821798677,0.3132220628904525,0.30104861907485,0.3452537526215249,0.36606798490297154,0.6649892590159825,0.6077593133795314,0.39763573711216027,0
0.5122310268255508,0.3084225665171874,0.5073254504128555,0.36964217311804537,0.3746308057626506,0.4009862406974113,0.46290902526251426,0.2129622071690016,0
0.9373058295002732,0.7220057694020285,0.5530581451920242,0.44099688557204364,0.6519844592986707,0.6047911567255826,0.5334404581633048,0.4961928901395782,0
0.6779060109947597,0.2471997420715309,0.612609849631359,0.7184193509976248,0.4923343501915871,0.4529815874120887,0.5695877093575563,0.589774265637685,1
0.36549531781594585,0.4975584231444508,0.5860835029982864,0.6708024828684741,0.44579146530955804,0.49210545611511397,0.6922351638282347,0.6265413591436432,0
0.6723811569496142,0.5626312044062498,0.5682182542067777,0.8372037007038988,0.47972085897160666,0.5241194883614362,0.3870365457132622,0.35640351427369416,0
0.6239513651007336,0.6092864581391111,0.5449974617735923,0.6936294805734042,0.4201081277905538,0.4026821358945947,0.42460816783212124,0.5652307082605919,1
0.7950522605991618,0.7842505320663185,0.3537779732447923,0.19168254656465522,0.6501618210877569,0.41974233191162086,0.5793439918023936,0.5970539989267627,0
0.7937268056619814,0.5256355101335495,0.6999805471269855,0.7869449476535291,0.3203988124441315,0.5337381418735218,0.40391213309663065,0.24311953565724692,1
0.11213101227282835,0.3007687719947348,0.26504424730740256,0.8345311625081411,0.569864859623503,0.2685146283747513,0.31002507775330584,0.3610032061860516,0
0.4085207913376707,0.4321723796284992,0.5881707740791602,0.7212010046741595,0.5770625227161685,0.35158242813997154,0.5244027238633073,0.37754982873083165,0
0.607650774910438,0.4276152571762985,0.40040887498977584,0.5084873344895987,0.3612603192250182,0.37369039363958023,0.4974073057122187,0.2793429714767067,0
0.5100614007423413,0.44707773368542386,0.31562280001175314,0.31713929830485216,0.4427254181439194,0.6485447117668193,0.6887269029182068,0.5804648786906663,0
0.5994020717936276,0.5107138295631652,0.5035074032389786,0.48502536332713997,0.37991938910415596,0.8065449528896235,0.18414318792696843,0.40516080195581794,0
0.8051499206781172,0.7082616849375654,0.5450433610510599,0.31990675948817837,0.6043317393746857,0.19420969511304675,0.6554567857562479,0.2642910331470657,0
0.5825627346004756,0.5187482229070577,0.4868083777723311,0.4638809160082588,0.5395952846989956,0.37180684257334484,0.31629865999642903,0.37636203046742817,0
0.35502853046203486,0.3493102635806261,0.43297156820161126,0.16948017414276795,0.6257921875190545,0.666183009774159,0.3789180087439414,0.231566984892524,0
0.4239414041786395,0.6253591282874702,0.5578390530875954,0.421239580077377,0.5429413161388881,0.7855477452113544,0.5272930892156343,0.48115112293631995,1
0.6125286323795396,0.633383148138098,0.715829221690302,0.6353329153570882,0.5262243400028535,0.43420313406276506,0.6798316880813492,0.34526181468713646,0
0.3576230848779508,0.5751378956989602,0.5094963486634272,0.5937090829679305,0.6398929652393559,0.5071343727777399,0.5368043701713594,0.5747415311737913,0
0.5515475598286742,0.20940369439410994,0.6754315151961617,0.44760357811193696,0.33353787002323276,0.46201722415612806,0.5067794449205592,0.6252350186527322,0
0.5045733507974003,0.6170737622102437,0.18427749916356057,0.7314586790926182,0.5226751009344545,0.4843296021949744,0.6670521785182645,0.2770348358824549,0
0.5527838732908359,0.5521669397567183,0.1925475925693979,0.40299409487386034,0.29199652812540633,0.6818249267774724,0.2745534527852904,0.40828743659674205,0
0.7404062564366781,0.7429493519918258,0.4974972514992436,0.5708959848766663,0.539227157147326,0.761207111157739,0.7774580933829718,0.37245455796086474,1
0.1361289990660961,0.56991195873627,0.4172990698050255,0.4698136017732347,0.4396264381485975,0.6774790029129978,0.18021159740133047,0.43637020403576454,0
0.5382748700762134,0.3956027349383904,0.4779981343946851,0.3822332367437668,0.6584006210003623,0.34966573404174683,0.6064542471553763,0.383774236875779,0
0.4535918414785509,0.6827992599513815,0.37057871890946736,0.6001592840547129,0.6331144001307796,0.40707469279338715,0.2544115324668469,0.3179802475739609,0
0.6745049282566788,0.3799542603158609,0.6604678268379686,0.6323205374592248,0.37959049762002073,0.7335167114929901,0.5566057381332715,0.45461567481564535,0
0.7994348755543332,0.5788532570896892,0.6443393116450963,0.12505975550763554,0.5650572651081328,0.4645071832497141,0.6412420314078886,0.6997900396710702,1
0.36495636652071084,0.4913047524784853,0.45990557794006554,0.7956532187723651,0.6703325103463079,0.48611531731924024,0.27309777247937983,0.36055251303353797,0
0.3379293723027787,0.47435856370933377,0.6147430408138984,0.5957360404502313,0.17065287734189039,0.7165289531394956,0.5513726979248484,0.6009473276607081,0
0.37653118594246593,0.49869824860653433,0.5258579579452428,0.8997967431011964,0.6973071622763658,0.19671147826335877,0.6158607481579684,0.46019911309185313,0
0.3901347728667162,0.402850236033547,0.46205459557114875,0.4774071021550924,0.651488548638075,0.5605090286373402,0.49495626667765547,0.5317620656913109,0
0.7854839274101506,0.7704831669966868,0.9243556034007294,0.5044359496990427,0.2602647056838915,0.34780626507694395,0.6386634486098893,0.21635536202875155,1
0.5367493984659321,0.3030423077691651,0.343254719120837,0.6982481062341992,0.4283157777380573,0.406507810307882,0.4594089701559026,0.26942214730333713,1
0.5969104239130892,0.6983104509635127,0.43075158545258296,0.47276048665371073,0.6535470396673011,0.8185503361712082,0.46136754945889025,0.45937813303647984,0
0.8046415095320507,0.4171731216845005,0.5305360320299143,0.5359419264363873,0.38675799097173,0.2827261384324199,0.43184352207395854,0.3645578316010081,0
0.7431210566522994,0.26226889143565774,0.5928722753854662,0.4907943460936376,0.7065973576152442,0.5973197505286847,0.423381542642539,0.3200773375528058,1
0.44113219603125664,0.5403951627348755,0.3430230274267405,0.6115902538590219,0.4405140530575836,0.4961898497094207,0.2963945745511205,0.5123956603824167,0
